task_id,category,gold_label,predicted_label,label_correct,verifier_valid,trace_grounded,direct_f1,closure_f1,first_violation_step,num_violations,num_formula_violations,question,gold_relations,pred_edges,answer
te3_test_AP_20130322_l6,tempeval_relation,SIMULTANEOUS,UNKNOWN,0,0,0,0.0,0.0,0,2,1,"Title:
105 U.S. Kids Died From Flu, CDC Says

Passage:
The season started about a month earlier than usual, sparking concerns it might turn into the worst in a decade. It ended up being very hard on the elderly, but was moderately severe overall, according to the Centers for Disease Control and Prevention.

Determine the temporal relation between the following event mentions.
- sparking [ei4]
- started [ei3]

Use one of: BEFORE, AFTER, SIMULTANEOUS, UNKNOWN.","[[""sparking [ei4]"", ""started [ei3]"", ""SIMULTANEOUS""]]","[[""sparking"", ""started"", ""BEFORE""]]",BEFORE
te3_test_AP_20130322_l7,tempeval_relation,AFTER,BEFORE,0,1,1,0.0,0.0,,0,0,"Title:
105 U.S. Kids Died From Flu, CDC Says

Passage:
The season started about a month earlier than usual, sparking concerns it might turn into the worst in a decade. It ended up being very hard on the elderly, but was moderately severe overall, according to the Centers for Disease Control and Prevention.

Determine the temporal relation between the following event mentions.
- turn [ei5]
- started [ei3]

Use one of: BEFORE, AFTER, SIMULTANEOUS, UNKNOWN.","[[""turn [ei5]"", ""started [ei3]"", ""AFTER""]]","[[""turn [ei5]"", ""started [ei3]"", ""BEFORE""]]",BEFORE
te3_test_AP_20130322_l10,tempeval_relation,BEFORE,BEFORE,1,1,1,1.0,1.0,,0,0,"Title:
105 U.S. Kids Died From Flu, CDC Says

Passage:
The season started about a month earlier than usual, sparking concerns it might turn into the worst in a decade. It ended up being very hard on the elderly, but was moderately severe overall, according to the Centers for Disease Control and Prevention.

Determine the temporal relation between the following event mentions.
- started [ei3]
- ended [ei6]

Use one of: BEFORE, AFTER, SIMULTANEOUS, UNKNOWN.","[[""started [ei3]"", ""ended [ei6]"", ""BEFORE""]]","[[""started [ei3]"", ""ended [ei6]"", ""BEFORE""]]",BEFORE
te3_test_AP_20130322_l11,tempeval_relation,AFTER,AFTER,1,1,1,0.0,1.0,,0,0,"Title:
105 U.S. Kids Died From Flu, CDC Says

Passage:
The season started about a month earlier than usual, sparking concerns it might turn into the worst in a decade. It ended up being very hard on the elderly, but was moderately severe overall, according to the Centers for Disease Control and Prevention.

Determine the temporal relation between the following event mentions.
- according [ei7]
- ended [ei6]

Use one of: BEFORE, AFTER, SIMULTANEOUS, UNKNOWN.","[[""according [ei7]"", ""ended [ei6]"", ""AFTER""]]","[[""ended [ei6]"", ""according [ei7]"", ""BEFORE""]]",BEFORE
te3_test_AP_20130322_l17,tempeval_relation,BEFORE,UNKNOWN,0,0,0,0.0,0.0,0,2,1,"Title:
105 U.S. Kids Died From Flu, CDC Says

Passage:
The season started about a month earlier than usual, sparking concerns it might turn into the worst in a decade. It ended up being very hard on the elderly, but was moderately severe overall, according to the Centers for Disease Control and Prevention. Six of the pediatric deaths were reported in the last week, and it's possible there will be more, said the CDC's Dr. Michael Jhung said Friday.

Determine the temporal relation between the following event mentions.
- ended [ei6]
- said [ei9]

Use one of: BEFORE, AFTER, SIMULTANEOUS, UNKNOWN.","[[""ended [ei6]"", ""said [ei9]"", ""BEFORE""]]","[[""ei6"", ""ei9"", ""BEFORE""]]",BEFORE
te3_test_AP_20130322_l18,tempeval_relation,BEFORE,BEFORE,1,1,1,1.0,1.0,,0,0,"Title:
105 U.S. Kids Died From Flu, CDC Says

Passage:
Six of the pediatric deaths were reported in the last week, and it's possible there will be more, said the CDC's Dr. Michael Jhung said Friday.

Determine the temporal relation between the following event mentions.
- reported [ei8]
- said [ei9]

Use one of: BEFORE, AFTER, SIMULTANEOUS, UNKNOWN.","[[""reported [ei8]"", ""said [ei9]"", ""BEFORE""]]","[[""reported [ei8]"", ""said [ei9]"", ""BEFORE""]]",BEFORE
te3_test_AP_20130322_l19,tempeval_relation,SIMULTANEOUS,BEFORE,0,1,1,0.0,0.0,,0,0,"Title:
105 U.S. Kids Died From Flu, CDC Says

Passage:
Six of the pediatric deaths were reported in the last week, and it's possible there will be more, said the CDC's Dr. Michael Jhung said Friday.

Determine the temporal relation between the following event mentions.
- said [ei10]
- said [ei9]

Use one of: BEFORE, AFTER, SIMULTANEOUS, UNKNOWN.","[[""said [ei10]"", ""said [ei9]"", ""SIMULTANEOUS""]]","[[""said [ei10]"", ""said [ei9]"", ""BEFORE""]]",BEFORE
te3_test_AP_20130322_l32,tempeval_relation,BEFORE,UNKNOWN,0,1,1,0.0,0.0,,0,0,"Title:
105 U.S. Kids Died From Flu, CDC Says

Passage:
All but four of the children who died were old enough to be vaccinated, but 90 percent of them did not get vaccinated, CDC officials said.

Determine the temporal relation between the following event mentions.
- died [ei16]
- said [ei20]

Use one of: BEFORE, AFTER, SIMULTANEOUS, UNKNOWN.","[[""died [ei16]"", ""said [ei20]"", ""BEFORE""]]",[],UNKNOWN
te3_test_AP_20130322_l33,tempeval_relation,BEFORE,UNKNOWN,0,1,1,0.0,0.0,,0,0,"Title:
105 U.S. Kids Died From Flu, CDC Says

Passage:
All but four of the children who died were old enough to be vaccinated, but 90 percent of them did not get vaccinated, CDC officials said.

Determine the temporal relation between the following event mentions.
- vaccinated [ei17]
- said [ei20]

Use one of: BEFORE, AFTER, SIMULTANEOUS, UNKNOWN.","[[""vaccinated [ei17]"", ""said [ei20]"", ""BEFORE""]]",[],UNKNOWN
te3_test_AP_20130322_l35,tempeval_relation,BEFORE,UNKNOWN,0,1,1,0.0,0.0,,0,0,"Title:
105 U.S. Kids Died From Flu, CDC Says

Passage:
All but four of the children who died were old enough to be vaccinated, but 90 percent of them did not get vaccinated, CDC officials said.

Determine the temporal relation between the following event mentions.
- vaccinated [ei19]
- said [ei20]

Use one of: BEFORE, AFTER, SIMULTANEOUS, UNKNOWN.","[[""vaccinated [ei19]"", ""said [ei20]"", ""BEFORE""]]",[],UNKNOWN
te3_test_AP_20130322_l38,tempeval_relation,AFTER,UNKNOWN,0,1,1,0.0,0.0,,0,0,"Title:
105 U.S. Kids Died From Flu, CDC Says

Passage:
All but four of the children who died were old enough to be vaccinated, but 90 percent of them did not get vaccinated, CDC officials said. This year's vaccine was considered effective in children, though it didn't work very well in older people. And the dominant flu strain early in the season was one that tends to cause more severe illness.

Determine the temporal relation between the following event mentions.
- said [ei20]
- work [ei22]

Use one of: BEFORE, AFTER, SIMULTANEOUS, UNKNOWN.","[[""said [ei20]"", ""work [ei22]"", ""AFTER""]]",[],UNKNOWN
te3_test_AP_20130322_l54,tempeval_relation,SIMULTANEOUS,BEFORE,0,1,1,0.0,0.0,,0,0,"Title:
105 U.S. Kids Died From Flu, CDC Says

Passage:
This flu season started in early December, a month earlier than usual, and peaked by the end of year. Since then, flu reports have been dropping off throughout the country.

Determine the temporal relation between the following event mentions.
- started [ei1000027]
- started [ei27]

Use one of: BEFORE, AFTER, SIMULTANEOUS, UNKNOWN.","[[""started [ei1000027]"", ""started [ei27]"", ""SIMULTANEOUS""]]","[[""started [ei1000027]"", ""started [ei27]"", ""BEFORE""]]",BEFORE
te3_test_AP_20130322_l56,tempeval_relation,BEFORE,UNKNOWN,0,0,0,0.0,0.0,0,2,1,"Title:
105 U.S. Kids Died From Flu, CDC Says

Passage:
This flu season started in early December, a month earlier than usual, and peaked by the end of year. Since then, flu reports have been dropping off throughout the country.

Determine the temporal relation between the following event mentions.
- started [ei27]
- dropping [ei28]

Use one of: BEFORE, AFTER, SIMULTANEOUS, UNKNOWN.","[[""started [ei27]"", ""dropping [ei28]"", ""BEFORE""]]","[[""started"", ""dropping"", ""BEFORE""]]",BEFORE
te3_test_AP_20130322_l61,tempeval_relation,SIMULTANEOUS,BEFORE,0,1,1,0.0,0.0,,0,0,"Title:
105 U.S. Kids Died From Flu, CDC Says

Passage:
The flu season is winding down, and it has killed 105 children so far - about the average toll. The season started about a month earlier than usual, sparking concerns it might turn into the worst in a decade. It ended up being very hard on the elderly, but was moderately severe overall, according to the Centers for Disease Control and Prevention. Six of the pediatric deaths were reported in the last week, and it's possible there will be more, said the CDC's Dr. Michael Jhung said Friday. Roughly 100 children die in an average flu season. One exception was the swine flu pandemic of 2009-2010, when 348 children died. The CDC recommends that all children ages 6 months and older be vaccinated against flu each season, though only about half get a flu shot or nasal spray. All but four of the children who died were old enough to be vaccinated, but 90 percent of them did not get vaccinated, CDC officials said. This year's vaccine was considered effective in children, though it didn't work very well in older people. And the dominant flu strain early in the season was one that tends to cause more severe illness.

Determine the temporal relation between the following event mentions.
- season [ei2002]
- season [ei1000028]

Use one of: BEFORE, AFTER, SIMULTANEOUS, UNKNOWN.","[[""season [ei2002]"", ""season [ei1000028]"", ""SIMULTANEOUS""]]","[[""season [ei2002]"", ""season [ei1000028]"", ""BEFORE""]]",BEFORE
te3_test_AP_20130322_l68,tempeval_relation,SIMULTANEOUS,BEFORE,0,1,1,0.0,0.0,,0,0,"Title:
105 U.S. Kids Died From Flu, CDC Says

Passage:
This year's vaccine was considered effective in children, though it didn't work very well in older people. And the dominant flu strain early in the season was one that tends to cause more severe illness. The government only does a national flu death count for children. But it does track hospitalization rates for people 65 and older, and those statistics have been grim. In that group, 177 out of every 100,000 were hospitalized with flu-related illness in the past several months. That's more than 2 1/2 times higher than any other recent season. This flu season started in early December, a month earlier than usual, and peaked by the end of year. Since then, flu reports have been dropping off throughout the country.

Determine the temporal relation between the following event mentions.
- season [ei2002]
- season [ei2003]

Use one of: BEFORE, AFTER, SIMULTANEOUS, UNKNOWN.","[[""season [ei2002]"", ""season [ei2003]"", ""SIMULTANEOUS""]]","[[""season [ei2002]"", ""season [ei2003]"", ""BEFORE""]]",BEFORE
te3_test_AP_20130322_l69,tempeval_relation,SIMULTANEOUS,BEFORE,0,1,1,0.0,0.0,,0,0,"Title:
105 U.S. Kids Died From Flu, CDC Says

Passage:
This year's vaccine was considered effective in children, though it didn't work very well in older people. And the dominant flu strain early in the season was one that tends to cause more severe illness. The government only does a national flu death count for children. But it does track hospitalization rates for people 65 and older, and those statistics have been grim. In that group, 177 out of every 100,000 were hospitalized with flu-related illness in the past several months. That's more than 2 1/2 times higher than any other recent season. This flu season started in early December, a month earlier than usual, and peaked by the end of year. Since then, flu reports have been dropping off throughout the country. ""We appear to be getting close to the end of flu season,"" Jhung said.

Determine the temporal relation between the following event mentions.
- season [ei2002]
- season [ei2004]

Use one of: BEFORE, AFTER, SIMULTANEOUS, UNKNOWN.","[[""season [ei2002]"", ""season [ei2004]"", ""SIMULTANEOUS""]]","[[""season [ei2002]"", ""season [ei2004]"", ""BEFORE""]]",BEFORE
te3_test_CNN_20130321_821_l5,tempeval_relation,AFTER,UNKNOWN,0,0,0,0.0,0.0,0,2,1,"Title:
How Obama has weaponized wit

Passage:
Barack Obama would make a great stand-up comic, not because he's the funniest president ever but because he uses jokes the same way many of us comedians do: as a weapon. Traditionally, the (intentionally) funny lines by our presidents have had one thing in common: They were self-deprecating. Sure, some presidents have used jokes to take jabs at their opponents, but not to the extent of Obama.

Determine the temporal relation between the following event mentions.
- make [ei1]
- had [ei4]

Use one of: BEFORE, AFTER, SIMULTANEOUS, UNKNOWN.","[[""make [ei1]"", ""had [ei4]"", ""AFTER""]]","[[""make"", ""had"", ""BEFORE""]]",BEFORE
te3_test_CNN_20130321_821_l7,tempeval_relation,SIMULTANEOUS,UNKNOWN,0,0,1,0.0,0.0,,1,0,"Title:
How Obama has weaponized wit

Passage:
Traditionally, the (intentionally) funny lines by our presidents have had one thing in common: They were self-deprecating. Sure, some presidents have used jokes to take jabs at their opponents, but not to the extent of Obama.

Determine the temporal relation between the following event mentions.
- had [ei4]
- used [ei5]

Use one of: BEFORE, AFTER, SIMULTANEOUS, UNKNOWN.","[[""had [ei4]"", ""used [ei5]"", ""SIMULTANEOUS""]]",[],UNKNOWN
te3_test_CNN_20130321_821_l12,tempeval_relation,BEFORE,BEFORE,1,1,1,1.0,1.0,,0,0,"Title:
How Obama has weaponized wit

Passage:
Traditionally, the (intentionally) funny lines by our presidents have had one thing in common: They were self-deprecating. Sure, some presidents have used jokes to take jabs at their opponents, but not to the extent of Obama. During his tenure, he has increasingly unleashed biting comedic barbs against his critics and political adversaries. These jokes are intended to do more than simply entertain you. They have an agenda.

Determine the temporal relation between the following event mentions.
- used [ei5]
- unleashed [ei8]

Use one of: BEFORE, AFTER, SIMULTANEOUS, UNKNOWN.","[[""used [ei5]"", ""unleashed [ei8]"", ""BEFORE""]]","[[""used [ei5]"", ""unleashed [ei8]"", ""BEFORE""]]",BEFORE
te3_test_CNN_20130321_821_l103,tempeval_relation,AFTER,BEFORE,0,1,1,0.0,0.0,,0,0,"Title:
How Obama has weaponized wit

Passage:
During his tenure, he has increasingly unleashed biting comedic barbs against his critics and political adversaries. These jokes are intended to do more than simply entertain you. They have an agenda.

Determine the temporal relation between the following event mentions.
- unleashed [ei8]
- intended [ei1000]

Use one of: BEFORE, AFTER, SIMULTANEOUS, UNKNOWN.","[[""unleashed [ei8]"", ""intended [ei1000]"", ""AFTER""]]","[[""unleashed [ei8]"", ""intended [ei1000]"", ""BEFORE""]]",BEFORE
te3_test_CNN_20130321_821_l104,tempeval_relation,AFTER,AFTER,1,1,1,0.0,1.0,,0,0,"Title:
How Obama has weaponized wit

Passage:
Obama's humor is often delivered the way a comedian dealing with a heckler would do it. He tries to undermine his opponents with it and get the crowd -- in this case the public -- on his side. I can assure you that having a crowd laugh at your critic/heckler is not only effective in dominating them, it's also very satisfying.

Determine the temporal relation between the following event mentions.
- undermine [ei1003]
- tries [ei1002]

Use one of: BEFORE, AFTER, SIMULTANEOUS, UNKNOWN.","[[""undermine [ei1003]"", ""tries [ei1002]"", ""AFTER""]]","[[""tries [ei1002]"", ""undermine [ei1003]"", ""BEFORE""]]",BEFORE
te3_test_CNN_20130322_1003_l4,tempeval_relation,BEFORE,BEFORE,1,1,1,1.0,1.0,,0,0,"Title:
New York man admits faking his death

Passage:
A New York man who was accused of faking his death last summer pleaded guilty to a conspiracy charge Thursday, Nassau County District Attorney Kathleen Rice announced.

Determine the temporal relation between the following event mentions.
- accused [ei1]
- announced [ei5]

Use one of: BEFORE, AFTER, SIMULTANEOUS, UNKNOWN.","[[""accused [ei1]"", ""announced [ei5]"", ""BEFORE""]]","[[""accused [ei1]"", ""announced [ei5]"", ""BEFORE""]]",BEFORE
te3_test_CNN_20130322_1003_l5,tempeval_relation,BEFORE,BEFORE,1,1,1,1.0,1.0,,0,0,"Title:
New York man admits faking his death

Passage:
A New York man who was accused of faking his death last summer pleaded guilty to a conspiracy charge Thursday, Nassau County District Attorney Kathleen Rice announced.

Determine the temporal relation between the following event mentions.
- faking [ei2]
- announced [ei5]

Use one of: BEFORE, AFTER, SIMULTANEOUS, UNKNOWN.","[[""faking [ei2]"", ""announced [ei5]"", ""BEFORE""]]","[[""faking [ei2]"", ""announced [ei5]"", ""BEFORE""]]",BEFORE
te3_test_CNN_20130322_1003_l6,tempeval_relation,BEFORE,BEFORE,1,1,1,1.0,1.0,,0,0,"Title:
New York man admits faking his death

Passage:
A New York man who was accused of faking his death last summer pleaded guilty to a conspiracy charge Thursday, Nassau County District Attorney Kathleen Rice announced.

Determine the temporal relation between the following event mentions.
- pleaded [ei3]
- announced [ei5]

Use one of: BEFORE, AFTER, SIMULTANEOUS, UNKNOWN.","[[""pleaded [ei3]"", ""announced [ei5]"", ""BEFORE""]]","[[""pleaded [ei3]"", ""announced [ei5]"", ""BEFORE""]]",BEFORE
te3_test_CNN_20130322_1003_l10,tempeval_relation,SIMULTANEOUS,BEFORE,0,1,1,0.0,0.0,,0,0,"Title:
New York man admits faking his death

Passage:
A New York man who was accused of faking his death last summer pleaded guilty to a conspiracy charge Thursday, Nassau County District Attorney Kathleen Rice announced. Raymond Roth, 48, of Massapequa, New York, was first reported missing in the waters off Jones Beach late last July by his 22-year-old son, Jonathan Roth. Several days into an extensive search involving multiple agencies, New York State Park Police said, authorities learned the missing man was in South Carolina, where he had been pulled over for speeding.

Determine the temporal relation between the following event mentions.
- announced [ei5]
- reported [ei6]

Use one of: BEFORE, AFTER, SIMULTANEOUS, UNKNOWN.","[[""announced [ei5]"", ""reported [ei6]"", ""SIMULTANEOUS""]]","[[""announced [ei5]"", ""reported [ei6]"", ""BEFORE""]]",BEFORE
te3_test_CNN_20130322_1003_l11,tempeval_relation,BEFORE,BEFORE,1,1,1,1.0,1.0,,0,0,"Title:
New York man admits faking his death

Passage:
Raymond Roth, 48, of Massapequa, New York, was first reported missing in the waters off Jones Beach late last July by his 22-year-old son, Jonathan Roth. Several days into an extensive search involving multiple agencies, New York State Park Police said, authorities learned the missing man was in South Carolina, where he had been pulled over for speeding.

Determine the temporal relation between the following event mentions.
- missing [ei7]
- reported [ei6]

Use one of: BEFORE, AFTER, SIMULTANEOUS, UNKNOWN.","[[""missing [ei7]"", ""reported [ei6]"", ""BEFORE""]]","[[""missing [ei7]"", ""reported [ei6]"", ""BEFORE""]]",BEFORE
te3_test_CNN_20130322_1003_l15,tempeval_relation,AFTER,UNKNOWN,0,0,0,0.0,0.0,0,2,1,"Title:
New York man admits faking his death

Passage:
Raymond Roth, 48, of Massapequa, New York, was first reported missing in the waters off Jones Beach late last July by his 22-year-old son, Jonathan Roth. Several days into an extensive search involving multiple agencies, New York State Park Police said, authorities learned the missing man was in South Carolina, where he had been pulled over for speeding.

Determine the temporal relation between the following event mentions.
- reported [ei6]
- learned [ei10]

Use one of: BEFORE, AFTER, SIMULTANEOUS, UNKNOWN.","[[""reported [ei6]"", ""learned [ei10]"", ""AFTER""]]","[[""reported"", ""learned"", ""BEFORE""]]",BEFORE
te3_test_CNN_20130322_1003_l16,tempeval_relation,BEFORE,BEFORE,1,1,1,1.0,1.0,,0,0,"Title:
New York man admits faking his death

Passage:
Raymond Roth, 48, of Massapequa, New York, was first reported missing in the waters off Jones Beach late last July by his 22-year-old son, Jonathan Roth. Several days into an extensive search involving multiple agencies, New York State Park Police said, authorities learned the missing man was in South Carolina, where he had been pulled over for speeding.

Determine the temporal relation between the following event mentions.
- search [ei8]
- learned [ei10]

Use one of: BEFORE, AFTER, SIMULTANEOUS, UNKNOWN.","[[""search [ei8]"", ""learned [ei10]"", ""BEFORE""]]","[[""search [ei8]"", ""learned [ei10]"", ""BEFORE""]]",BEFORE
te3_test_CNN_20130322_1003_l18,tempeval_relation,BEFORE,BEFORE,1,1,1,1.0,1.0,,0,0,"Title:
New York man admits faking his death

Passage:
Raymond Roth, 48, of Massapequa, New York, was first reported missing in the waters off Jones Beach late last July by his 22-year-old son, Jonathan Roth. Several days into an extensive search involving multiple agencies, New York State Park Police said, authorities learned the missing man was in South Carolina, where he had been pulled over for speeding.

Determine the temporal relation between the following event mentions.
- pulled [ei11]
- learned [ei10]

Use one of: BEFORE, AFTER, SIMULTANEOUS, UNKNOWN.","[[""pulled [ei11]"", ""learned [ei10]"", ""BEFORE""]]","[[""pulled [ei11]"", ""learned [ei10]"", ""BEFORE""]]",BEFORE
te3_test_CNN_20130322_1003_l20,tempeval_relation,BEFORE,BEFORE,1,1,1,1.0,1.0,,0,0,"Title:
New York man admits faking his death

Passage:
Raymond Roth, 48, of Massapequa, New York, was first reported missing in the waters off Jones Beach late last July by his 22-year-old son, Jonathan Roth. Several days into an extensive search involving multiple agencies, New York State Park Police said, authorities learned the missing man was in South Carolina, where he had been pulled over for speeding. The day before Raymond Roth was pulled over, his wife, Evana, showed authorities e-mails she had discovered that appeared to detail a plan between him and his son to fake his death. Raymond Roth wanted his wife and son to collect at least $410,000 in life insurance benefits while he started a new life in Florida, Rice said.

Determine the temporal relation between the following event mentions.
- learned [ei10]
- showed [ei13]

Use one of: BEFORE, AFTER, SIMULTANEOUS, UNKNOWN.","[[""learned [ei10]"", ""showed [ei13]"", ""BEFORE""]]","[[""learned [ei10]"", ""showed [ei13]"", ""BEFORE""]]",BEFORE
te3_test_CNN_20130322_1003_l21,tempeval_relation,BEFORE,AFTER,0,1,1,0.0,0.0,,0,0,"Title:
New York man admits faking his death

Passage:
The day before Raymond Roth was pulled over, his wife, Evana, showed authorities e-mails she had discovered that appeared to detail a plan between him and his son to fake his death. Raymond Roth wanted his wife and son to collect at least $410,000 in life insurance benefits while he started a new life in Florida, Rice said.

Determine the temporal relation between the following event mentions.
- pulled [ei12]
- showed [ei13]

Use one of: BEFORE, AFTER, SIMULTANEOUS, UNKNOWN.","[[""pulled [ei12]"", ""showed [ei13]"", ""BEFORE""]]","[[""showed [ei13]"", ""pulled [ei12]"", ""BEFORE""]]",BEFORE
te3_test_CNN_20130322_1003_l22,tempeval_relation,BEFORE,BEFORE,1,1,1,1.0,1.0,,0,0,"Title:
New York man admits faking his death

Passage:
The day before Raymond Roth was pulled over, his wife, Evana, showed authorities e-mails she had discovered that appeared to detail a plan between him and his son to fake his death. Raymond Roth wanted his wife and son to collect at least $410,000 in life insurance benefits while he started a new life in Florida, Rice said.

Determine the temporal relation between the following event mentions.
- discovered [ei14]
- showed [ei13]

Use one of: BEFORE, AFTER, SIMULTANEOUS, UNKNOWN.","[[""discovered [ei14]"", ""showed [ei13]"", ""BEFORE""]]","[[""discovered [ei14]"", ""showed [ei13]"", ""BEFORE""]]",BEFORE
te3_test_CNN_20130322_1003_l23,tempeval_relation,BEFORE,AFTER,0,1,1,0.0,0.0,,0,0,"Title:
New York man admits faking his death

Passage:
The day before Raymond Roth was pulled over, his wife, Evana, showed authorities e-mails she had discovered that appeared to detail a plan between him and his son to fake his death. Raymond Roth wanted his wife and son to collect at least $410,000 in life insurance benefits while he started a new life in Florida, Rice said.

Determine the temporal relation between the following event mentions.
- appeared [ei15]
- showed [ei13]

Use one of: BEFORE, AFTER, SIMULTANEOUS, UNKNOWN.","[[""appeared [ei15]"", ""showed [ei13]"", ""BEFORE""]]","[[""showed [ei13]"", ""appeared [ei15]"", ""BEFORE""]]",BEFORE
te3_test_CNN_20130322_1003_l24,tempeval_relation,BEFORE,AFTER,0,1,1,0.0,0.0,,0,0,"Title:
New York man admits faking his death

Passage:
The day before Raymond Roth was pulled over, his wife, Evana, showed authorities e-mails she had discovered that appeared to detail a plan between him and his son to fake his death. Raymond Roth wanted his wife and son to collect at least $410,000 in life insurance benefits while he started a new life in Florida, Rice said.

Determine the temporal relation between the following event mentions.
- death [ei16]
- showed [ei13]

Use one of: BEFORE, AFTER, SIMULTANEOUS, UNKNOWN.","[[""death [ei16]"", ""showed [ei13]"", ""BEFORE""]]","[[""showed [ei13]"", ""death [ei16]"", ""BEFORE""]]",BEFORE
te3_test_CNN_20130322_1003_l26,tempeval_relation,BEFORE,BEFORE,1,1,1,1.0,1.0,,0,0,"Title:
New York man admits faking his death

Passage:
The day before Raymond Roth was pulled over, his wife, Evana, showed authorities e-mails she had discovered that appeared to detail a plan between him and his son to fake his death. Raymond Roth wanted his wife and son to collect at least $410,000 in life insurance benefits while he started a new life in Florida, Rice said.

Determine the temporal relation between the following event mentions.
- showed [ei13]
- said [ei20]

Use one of: BEFORE, AFTER, SIMULTANEOUS, UNKNOWN.","[[""showed [ei13]"", ""said [ei20]"", ""BEFORE""]]","[[""showed [ei13]"", ""said [ei20]"", ""BEFORE""]]",BEFORE
te3_test_CNN_20130322_1003_l27,tempeval_relation,BEFORE,BEFORE,1,1,1,1.0,1.0,,0,0,"Title:
New York man admits faking his death

Passage:
The day before Raymond Roth was pulled over, his wife, Evana, showed authorities e-mails she had discovered that appeared to detail a plan between him and his son to fake his death. Raymond Roth wanted his wife and son to collect at least $410,000 in life insurance benefits while he started a new life in Florida, Rice said.

Determine the temporal relation between the following event mentions.
- wanted [ei17]
- said [ei20]

Use one of: BEFORE, AFTER, SIMULTANEOUS, UNKNOWN.","[[""wanted [ei17]"", ""said [ei20]"", ""BEFORE""]]","[[""wanted [ei17]"", ""said [ei20]"", ""BEFORE""]]",BEFORE
te3_test_CNN_20130322_1003_l29,tempeval_relation,BEFORE,BEFORE,1,1,1,1.0,1.0,,0,0,"Title:
New York man admits faking his death

Passage:
The day before Raymond Roth was pulled over, his wife, Evana, showed authorities e-mails she had discovered that appeared to detail a plan between him and his son to fake his death. Raymond Roth wanted his wife and son to collect at least $410,000 in life insurance benefits while he started a new life in Florida, Rice said.

Determine the temporal relation between the following event mentions.
- started [ei19]
- said [ei20]

Use one of: BEFORE, AFTER, SIMULTANEOUS, UNKNOWN.","[[""started [ei19]"", ""said [ei20]"", ""BEFORE""]]","[[""started [ei19]"", ""said [ei20]"", ""BEFORE""]]",BEFORE
te3_test_CNN_20130322_1003_l32,tempeval_relation,AFTER,BEFORE,0,1,1,0.0,0.0,,0,0,"Title:
New York man admits faking his death

Passage:
The day before Raymond Roth was pulled over, his wife, Evana, showed authorities e-mails she had discovered that appeared to detail a plan between him and his son to fake his death. Raymond Roth wanted his wife and son to collect at least $410,000 in life insurance benefits while he started a new life in Florida, Rice said. State police arrested both men in early August on charges of insurance fraud, conspiracy and filing a false report. Raymond Roth on Thursday agreed to plead guilty to the conspiracy charge in exchange for a sentence of 90 days in jail and five years' probation, the district attorney's office said. He also must pay restitution for the cost of the search -- $27,445 to the U.S. Coast Guard and $9,109 to the Nassau County Police Department.

Determine the temporal relation between the following event mentions.
- said [ei20]
- arrested [ei21]

Use one of: BEFORE, AFTER, SIMULTANEOUS, UNKNOWN.","[[""said [ei20]"", ""arrested [ei21]"", ""AFTER""]]","[[""said [ei20]"", ""arrested [ei21]"", ""BEFORE""]]",BEFORE
te3_test_CNN_20130322_1003_l36,tempeval_relation,SIMULTANEOUS,UNKNOWN,0,1,1,0.0,0.0,,0,0,"Title:
New York man admits faking his death

Passage:
The day before Raymond Roth was pulled over, his wife, Evana, showed authorities e-mails she had discovered that appeared to detail a plan between him and his son to fake his death. Raymond Roth wanted his wife and son to collect at least $410,000 in life insurance benefits while he started a new life in Florida, Rice said. State police arrested both men in early August on charges of insurance fraud, conspiracy and filing a false report. Raymond Roth on Thursday agreed to plead guilty to the conspiracy charge in exchange for a sentence of 90 days in jail and five years' probation, the district attorney's office said. He also must pay restitution for the cost of the search -- $27,445 to the U.S. Coast Guard and $9,109 to the Nassau County Police Department.

Determine the temporal relation between the following event mentions.
- said [ei20]
- said [ei27]

Use one of: BEFORE, AFTER, SIMULTANEOUS, UNKNOWN.","[[""said [ei20]"", ""said [ei27]"", ""SIMULTANEOUS""]]",[],UNKNOWN
te3_test_CNN_20130322_1003_l37,tempeval_relation,BEFORE,BEFORE,1,1,1,1.0,1.0,,0,0,"Title:
New York man admits faking his death

Passage:
State police arrested both men in early August on charges of insurance fraud, conspiracy and filing a false report. Raymond Roth on Thursday agreed to plead guilty to the conspiracy charge in exchange for a sentence of 90 days in jail and five years' probation, the district attorney's office said. He also must pay restitution for the cost of the search -- $27,445 to the U.S. Coast Guard and $9,109 to the Nassau County Police Department.

Determine the temporal relation between the following event mentions.
- agreed [ei23]
- said [ei27]

Use one of: BEFORE, AFTER, SIMULTANEOUS, UNKNOWN.","[[""agreed [ei23]"", ""said [ei27]"", ""BEFORE""]]","[[""agreed [ei23]"", ""said [ei27]"", ""BEFORE""]]",BEFORE
te3_test_CNN_20130322_1003_l38,tempeval_relation,BEFORE,BEFORE,1,1,1,1.0,1.0,,0,0,"Title:
New York man admits faking his death

Passage:
State police arrested both men in early August on charges of insurance fraud, conspiracy and filing a false report. Raymond Roth on Thursday agreed to plead guilty to the conspiracy charge in exchange for a sentence of 90 days in jail and five years' probation, the district attorney's office said. He also must pay restitution for the cost of the search -- $27,445 to the U.S. Coast Guard and $9,109 to the Nassau County Police Department.

Determine the temporal relation between the following event mentions.
- plead [ei24]
- said [ei27]

Use one of: BEFORE, AFTER, SIMULTANEOUS, UNKNOWN.","[[""plead [ei24]"", ""said [ei27]"", ""BEFORE""]]","[[""plead [ei24]"", ""said [ei27]"", ""BEFORE""]]",BEFORE
te3_test_CNN_20130322_1003_l39,tempeval_relation,BEFORE,BEFORE,1,1,1,1.0,1.0,,0,0,"Title:
New York man admits faking his death

Passage:
State police arrested both men in early August on charges of insurance fraud, conspiracy and filing a false report. Raymond Roth on Thursday agreed to plead guilty to the conspiracy charge in exchange for a sentence of 90 days in jail and five years' probation, the district attorney's office said. He also must pay restitution for the cost of the search -- $27,445 to the U.S. Coast Guard and $9,109 to the Nassau County Police Department.

Determine the temporal relation between the following event mentions.
- charge [ei25]
- said [ei27]

Use one of: BEFORE, AFTER, SIMULTANEOUS, UNKNOWN.","[[""charge [ei25]"", ""said [ei27]"", ""BEFORE""]]","[[""charge [ei25]"", ""said [ei27]"", ""BEFORE""]]",BEFORE
te3_test_CNN_20130322_1003_l40,tempeval_relation,BEFORE,BEFORE,1,1,1,1.0,1.0,,0,0,"Title:
New York man admits faking his death

Passage:
State police arrested both men in early August on charges of insurance fraud, conspiracy and filing a false report. Raymond Roth on Thursday agreed to plead guilty to the conspiracy charge in exchange for a sentence of 90 days in jail and five years' probation, the district attorney's office said. He also must pay restitution for the cost of the search -- $27,445 to the U.S. Coast Guard and $9,109 to the Nassau County Police Department.

Determine the temporal relation between the following event mentions.
- sentence [ei26]
- said [ei27]

Use one of: BEFORE, AFTER, SIMULTANEOUS, UNKNOWN.","[[""sentence [ei26]"", ""said [ei27]"", ""BEFORE""]]","[[""sentence [ei26]"", ""said [ei27]"", ""BEFORE""]]",BEFORE
te3_test_CNN_20130322_1003_l43,tempeval_relation,BEFORE,AFTER,0,1,1,0.0,0.0,,0,0,"Title:
New York man admits faking his death

Passage:
State police arrested both men in early August on charges of insurance fraud, conspiracy and filing a false report. Raymond Roth on Thursday agreed to plead guilty to the conspiracy charge in exchange for a sentence of 90 days in jail and five years' probation, the district attorney's office said. He also must pay restitution for the cost of the search -- $27,445 to the U.S. Coast Guard and $9,109 to the Nassau County Police Department.

Determine the temporal relation between the following event mentions.
- search [ei29]
- pay [ei28]

Use one of: BEFORE, AFTER, SIMULTANEOUS, UNKNOWN.","[[""search [ei29]"", ""pay [ei28]"", ""BEFORE""]]","[[""pay [ei28]"", ""search [ei29]"", ""BEFORE""]]",BEFORE
te3_test_CNN_20130322_1003_l47,tempeval_relation,AFTER,AFTER,1,1,1,0.0,1.0,,0,0,"Title:
New York man admits faking his death

Passage:
State police arrested both men in early August on charges of insurance fraud, conspiracy and filing a false report. Raymond Roth on Thursday agreed to plead guilty to the conspiracy charge in exchange for a sentence of 90 days in jail and five years' probation, the district attorney's office said. He also must pay restitution for the cost of the search -- $27,445 to the U.S. Coast Guard and $9,109 to the Nassau County Police Department. Evana Roth told CNN in August she thought her husband devised the plan after he was fired from his job in July. Her attorney, Lenard Leeds, said she had been unaware of the ruse before she uncovered the e-mail correspondence.

Determine the temporal relation between the following event mentions.
- pay [ei28]
- told [ei30]

Use one of: BEFORE, AFTER, SIMULTANEOUS, UNKNOWN.","[[""pay [ei28]"", ""told [ei30]"", ""AFTER""]]","[[""told [ei30]"", ""pay [ei28]"", ""BEFORE""]]",BEFORE
te3_test_CNN_20130322_1003_l48,tempeval_relation,AFTER,BEFORE,0,1,1,0.0,0.0,,0,0,"Title:
New York man admits faking his death

Passage:
Evana Roth told CNN in August she thought her husband devised the plan after he was fired from his job in July. Her attorney, Lenard Leeds, said she had been unaware of the ruse before she uncovered the e-mail correspondence.

Determine the temporal relation between the following event mentions.
- thought [ei31]
- told [ei30]

Use one of: BEFORE, AFTER, SIMULTANEOUS, UNKNOWN.","[[""thought [ei31]"", ""told [ei30]"", ""AFTER""]]","[[""thought [ei31]"", ""told [ei30]"", ""BEFORE""]]",BEFORE
te3_test_CNN_20130322_1003_l49,tempeval_relation,AFTER,BEFORE,0,1,1,0.0,0.0,,0,0,"Title:
New York man admits faking his death

Passage:
Evana Roth told CNN in August she thought her husband devised the plan after he was fired from his job in July. Her attorney, Lenard Leeds, said she had been unaware of the ruse before she uncovered the e-mail correspondence.

Determine the temporal relation between the following event mentions.
- devised [ei32]
- told [ei30]

Use one of: BEFORE, AFTER, SIMULTANEOUS, UNKNOWN.","[[""devised [ei32]"", ""told [ei30]"", ""AFTER""]]","[[""devised [ei32]"", ""told [ei30]"", ""BEFORE""]]",BEFORE
te3_test_CNN_20130322_1003_l50,tempeval_relation,AFTER,BEFORE,0,1,0,0.0,0.0,1,1,0,"Title:
New York man admits faking his death

Passage:
Evana Roth told CNN in August she thought her husband devised the plan after he was fired from his job in July. Her attorney, Lenard Leeds, said she had been unaware of the ruse before she uncovered the e-mail correspondence.

Determine the temporal relation between the following event mentions.
- fired [ei33]
- told [ei30]

Use one of: BEFORE, AFTER, SIMULTANEOUS, UNKNOWN.","[[""fired [ei33]"", ""told [ei30]"", ""AFTER""]]","[[""fired [ei33]"", ""told [ei30]"", ""BEFORE""]]",BEFORE
te3_test_CNN_20130322_1003_l52,tempeval_relation,SIMULTANEOUS,BEFORE,0,1,1,0.0,0.0,,0,0,"Title:
New York man admits faking his death

Passage:
Evana Roth told CNN in August she thought her husband devised the plan after he was fired from his job in July. Her attorney, Lenard Leeds, said she had been unaware of the ruse before she uncovered the e-mail correspondence.

Determine the temporal relation between the following event mentions.
- told [ei30]
- said [ei34]

Use one of: BEFORE, AFTER, SIMULTANEOUS, UNKNOWN.","[[""told [ei30]"", ""said [ei34]"", ""SIMULTANEOUS""]]","[[""told [ei30]"", ""said [ei34]"", ""BEFORE""]]",BEFORE
te3_test_CNN_20130322_1003_l52012,tempeval_relation,BEFORE,BEFORE,1,1,1,1.0,1.0,,0,0,"Title:
New York man admits faking his death

Passage:
Evana Roth told CNN in August she thought her husband devised the plan after he was fired from his job in July. Her attorney, Lenard Leeds, said she had been unaware of the ruse before she uncovered the e-mail correspondence.

Determine the temporal relation between the following event mentions.
- unaware [ei2003]
- said [ei34]

Use one of: BEFORE, AFTER, SIMULTANEOUS, UNKNOWN.","[[""unaware [ei2003]"", ""said [ei34]"", ""BEFORE""]]","[[""unaware [ei2003]"", ""said [ei34]"", ""BEFORE""]]",BEFORE
te3_test_CNN_20130322_1003_l526,tempeval_relation,BEFORE,BEFORE,1,1,1,1.0,1.0,,0,0,"Title:
New York man admits faking his death

Passage:
Evana Roth told CNN in August she thought her husband devised the plan after he was fired from his job in July. Her attorney, Lenard Leeds, said she had been unaware of the ruse before she uncovered the e-mail correspondence.

Determine the temporal relation between the following event mentions.
- ruse [ei35]
- unaware [ei2003]

Use one of: BEFORE, AFTER, SIMULTANEOUS, UNKNOWN.","[[""ruse [ei35]"", ""unaware [ei2003]"", ""BEFORE""]]","[[""ruse [ei35]"", ""unaware [ei2003]"", ""BEFORE""]]",BEFORE
te3_test_CNN_20130322_1003_l53,tempeval_relation,BEFORE,AFTER,0,1,1,0.0,0.0,,0,0,"Title:
New York man admits faking his death

Passage:
Evana Roth told CNN in August she thought her husband devised the plan after he was fired from his job in July. Her attorney, Lenard Leeds, said she had been unaware of the ruse before she uncovered the e-mail correspondence.

Determine the temporal relation between the following event mentions.
- ruse [ei35]
- said [ei34]

Use one of: BEFORE, AFTER, SIMULTANEOUS, UNKNOWN.","[[""ruse [ei35]"", ""said [ei34]"", ""BEFORE""]]","[[""said [ei34]"", ""ruse [ei35]"", ""BEFORE""]]",BEFORE
te3_test_CNN_20130322_1003_l54,tempeval_relation,BEFORE,AFTER,0,1,1,0.0,0.0,,0,0,"Title:
New York man admits faking his death

Passage:
Evana Roth told CNN in August she thought her husband devised the plan after he was fired from his job in July. Her attorney, Lenard Leeds, said she had been unaware of the ruse before she uncovered the e-mail correspondence.

Determine the temporal relation between the following event mentions.
- uncovered [ei36]
- said [ei34]

Use one of: BEFORE, AFTER, SIMULTANEOUS, UNKNOWN.","[[""uncovered [ei36]"", ""said [ei34]"", ""BEFORE""]]","[[""said [ei34]"", ""uncovered [ei36]"", ""BEFORE""]]",BEFORE
te3_test_CNN_20130322_1003_l56,tempeval_relation,BEFORE,BEFORE,1,1,1,1.0,1.0,,0,0,"Title:
New York man admits faking his death

Passage:
Evana Roth told CNN in August she thought her husband devised the plan after he was fired from his job in July. Her attorney, Lenard Leeds, said she had been unaware of the ruse before she uncovered the e-mail correspondence. ""There needs to be a way for me to find out how things are going. Call me Sunday night at 8 PM at the resort,"" Raymond Roth wrote in an e-mail to his son the day before the son reported him missing.

Determine the temporal relation between the following event mentions.
- said [ei34]
- find [ei37]

Use one of: BEFORE, AFTER, SIMULTANEOUS, UNKNOWN.","[[""said [ei34]"", ""find [ei37]"", ""BEFORE""]]","[[""said [ei34]"", ""find [ei37]"", ""BEFORE""]]",BEFORE
te3_test_CNN_20130322_1003_l57,tempeval_relation,BEFORE,BEFORE,1,1,1,1.0,1.0,,0,0,"Title:
New York man admits faking his death

Passage:
""There needs to be a way for me to find out how things are going. Call me Sunday night at 8 PM at the resort,"" Raymond Roth wrote in an e-mail to his son the day before the son reported him missing.

Determine the temporal relation between the following event mentions.
- going [ei38]
- find [ei37]

Use one of: BEFORE, AFTER, SIMULTANEOUS, UNKNOWN.","[[""going [ei38]"", ""find [ei37]"", ""BEFORE""]]","[[""going [ei38]"", ""find [ei37]"", ""BEFORE""]]",BEFORE
te3_test_CNN_20130322_1003_l62,tempeval_relation,BEFORE,AFTER,0,1,1,0.0,0.0,,0,0,"Title:
New York man admits faking his death

Passage:
""There needs to be a way for me to find out how things are going. Call me Sunday night at 8 PM at the resort,"" Raymond Roth wrote in an e-mail to his son the day before the son reported him missing.

Determine the temporal relation between the following event mentions.
- find [ei37]
- wrote [ei40]

Use one of: BEFORE, AFTER, SIMULTANEOUS, UNKNOWN.","[[""find [ei37]"", ""wrote [ei40]"", ""BEFORE""]]","[[""wrote [ei40]"", ""find [ei37]"", ""BEFORE""]]",BEFORE
te3_test_CNN_20130322_1003_l63,tempeval_relation,BEFORE,AFTER,0,1,1,0.0,0.0,,0,0,"Title:
New York man admits faking his death

Passage:
""There needs to be a way for me to find out how things are going. Call me Sunday night at 8 PM at the resort,"" Raymond Roth wrote in an e-mail to his son the day before the son reported him missing.

Determine the temporal relation between the following event mentions.
- Call [ei39]
- wrote [ei40]

Use one of: BEFORE, AFTER, SIMULTANEOUS, UNKNOWN.","[[""Call [ei39]"", ""wrote [ei40]"", ""BEFORE""]]","[[""wrote [ei40]"", ""Call [ei39]"", ""BEFORE""]]",BEFORE
te3_test_CNN_20130322_1003_l67,tempeval_relation,BEFORE,BEFORE,1,1,1,1.0,1.0,,0,0,"Title:
New York man admits faking his death

Passage:
""There needs to be a way for me to find out how things are going. Call me Sunday night at 8 PM at the resort,"" Raymond Roth wrote in an e-mail to his son the day before the son reported him missing. The son's case is still pending, the district attorney said. Jonathan Roth's attorney, Joey Jackson, defended his client after his arrest, saying, ""There was abuse here, manipulation here, coercion here"" from the father.

Determine the temporal relation between the following event mentions.
- wrote [ei40]
- said [ei44]

Use one of: BEFORE, AFTER, SIMULTANEOUS, UNKNOWN.","[[""wrote [ei40]"", ""said [ei44]"", ""BEFORE""]]","[[""wrote [ei40]"", ""said [ei44]"", ""BEFORE""]]",BEFORE
te3_test_CNN_20130322_1003_l71,tempeval_relation,AFTER,BEFORE,0,1,1,0.0,0.0,,0,0,"Title:
New York man admits faking his death

Passage:
The son's case is still pending, the district attorney said. Jonathan Roth's attorney, Joey Jackson, defended his client after his arrest, saying, ""There was abuse here, manipulation here, coercion here"" from the father.

Determine the temporal relation between the following event mentions.
- said [ei44]
- defended [ei45]

Use one of: BEFORE, AFTER, SIMULTANEOUS, UNKNOWN.","[[""said [ei44]"", ""defended [ei45]"", ""AFTER""]]","[[""said [ei44]"", ""defended [ei45]"", ""BEFORE""]]",BEFORE
te3_test_CNN_20130322_1003_l72,tempeval_relation,BEFORE,BEFORE,1,1,1,1.0,1.0,,0,0,"Title:
New York man admits faking his death

Passage:
The son's case is still pending, the district attorney said. Jonathan Roth's attorney, Joey Jackson, defended his client after his arrest, saying, ""There was abuse here, manipulation here, coercion here"" from the father.

Determine the temporal relation between the following event mentions.
- arrest [ei46]
- defended [ei45]

Use one of: BEFORE, AFTER, SIMULTANEOUS, UNKNOWN.","[[""arrest [ei46]"", ""defended [ei45]"", ""BEFORE""]]","[[""arrest [ei46]"", ""defended [ei45]"", ""BEFORE""]]",BEFORE
te3_test_CNN_20130322_1003_l73,tempeval_relation,SIMULTANEOUS,AFTER,0,1,1,0.0,0.0,,0,0,"Title:
New York man admits faking his death

Passage:
The son's case is still pending, the district attorney said. Jonathan Roth's attorney, Joey Jackson, defended his client after his arrest, saying, ""There was abuse here, manipulation here, coercion here"" from the father.

Determine the temporal relation between the following event mentions.
- saying [ei47]
- defended [ei45]

Use one of: BEFORE, AFTER, SIMULTANEOUS, UNKNOWN.","[[""saying [ei47]"", ""defended [ei45]"", ""SIMULTANEOUS""]]","[[""defended [ei45]"", ""saying [ei47]"", ""BEFORE""]]",BEFORE
te3_test_CNN_20130322_1003_l735,tempeval_relation,BEFORE,BEFORE,1,1,1,1.0,1.0,,0,0,"Title:
New York man admits faking his death

Passage:
The son's case is still pending, the district attorney said. Jonathan Roth's attorney, Joey Jackson, defended his client after his arrest, saying, ""There was abuse here, manipulation here, coercion here"" from the father.

Determine the temporal relation between the following event mentions.
- abuse [ei2005]
- saying [ei47]

Use one of: BEFORE, AFTER, SIMULTANEOUS, UNKNOWN.","[[""abuse [ei2005]"", ""saying [ei47]"", ""BEFORE""]]","[[""abuse [ei2005]"", ""saying [ei47]"", ""BEFORE""]]",BEFORE
te3_test_CNN_20130322_1003_l736,tempeval_relation,BEFORE,BEFORE,1,1,1,1.0,1.0,,0,0,"Title:
New York man admits faking his death

Passage:
The son's case is still pending, the district attorney said. Jonathan Roth's attorney, Joey Jackson, defended his client after his arrest, saying, ""There was abuse here, manipulation here, coercion here"" from the father.

Determine the temporal relation between the following event mentions.
- manipulation [ei2006]
- saying [ei47]

Use one of: BEFORE, AFTER, SIMULTANEOUS, UNKNOWN.","[[""manipulation [ei2006]"", ""saying [ei47]"", ""BEFORE""]]","[[""manipulation [ei2006]"", ""saying [ei47]"", ""BEFORE""]]",BEFORE
te3_test_CNN_20130322_1003_l737,tempeval_relation,BEFORE,BEFORE,1,1,1,1.0,1.0,,0,0,"Title:
New York man admits faking his death

Passage:
The son's case is still pending, the district attorney said. Jonathan Roth's attorney, Joey Jackson, defended his client after his arrest, saying, ""There was abuse here, manipulation here, coercion here"" from the father.

Determine the temporal relation between the following event mentions.
- coercion [ei2007]
- saying [ei47]

Use one of: BEFORE, AFTER, SIMULTANEOUS, UNKNOWN.","[[""coercion [ei2007]"", ""saying [ei47]"", ""BEFORE""]]","[[""coercion [ei2007]"", ""saying [ei47]"", ""BEFORE""]]",BEFORE
te3_test_CNN_20130322_1003_l77,tempeval_relation,BEFORE,AFTER,0,1,1,0.0,0.0,,0,0,"Title:
New York man admits faking his death

Passage:
Raymond Roth's attorney, Brian Davis, denied in August that Roth had involved his son in the scheme.

Determine the temporal relation between the following event mentions.
- involved [ei49]
- denied [ei48]

Use one of: BEFORE, AFTER, SIMULTANEOUS, UNKNOWN.","[[""involved [ei49]"", ""denied [ei48]"", ""BEFORE""]]","[[""denied [ei48]"", ""involved [ei49]"", ""BEFORE""]]",BEFORE
te3_test_CNN_20130322_1003_l775,tempeval_relation,BEFORE,BEFORE,1,1,1,1.0,1.0,,0,0,"Title:
New York man admits faking his death

Passage:
Raymond Roth's attorney, Brian Davis, denied in August that Roth had involved his son in the scheme. ""We had issues concerning the facts people had whether (Roth) had an agreement with his son,"" Davis told CNN on Thursday. ""He's admitted it now. He's accepted responsibility.""

Determine the temporal relation between the following event mentions.
- issues [ei2008]
- involved [ei49]

Use one of: BEFORE, AFTER, SIMULTANEOUS, UNKNOWN.","[[""issues [ei2008]"", ""involved [ei49]"", ""BEFORE""]]","[[""issues [ei2008]"", ""involved [ei49]"", ""BEFORE""]]",BEFORE
te3_test_CNN_20130322_1003_l80,tempeval_relation,BEFORE,BEFORE,1,1,1,1.0,1.0,,0,0,"Title:
New York man admits faking his death

Passage:
Raymond Roth's attorney, Brian Davis, denied in August that Roth had involved his son in the scheme. ""We had issues concerning the facts people had whether (Roth) had an agreement with his son,"" Davis told CNN on Thursday. ""He's admitted it now. He's accepted responsibility.""

Determine the temporal relation between the following event mentions.
- denied [ei48]
- told [ei50]

Use one of: BEFORE, AFTER, SIMULTANEOUS, UNKNOWN.","[[""denied [ei48]"", ""told [ei50]"", ""BEFORE""]]","[[""denied [ei48]"", ""told [ei50]"", ""BEFORE""]]",BEFORE
te3_test_CNN_20130322_1003_l83,tempeval_relation,AFTER,BEFORE,0,1,1,0.0,0.0,,0,0,"Title:
New York man admits faking his death

Passage:
""We had issues concerning the facts people had whether (Roth) had an agreement with his son,"" Davis told CNN on Thursday. ""He's admitted it now. He's accepted responsibility.""

Determine the temporal relation between the following event mentions.
- told [ei50]
- admitted [ei51]

Use one of: BEFORE, AFTER, SIMULTANEOUS, UNKNOWN.","[[""told [ei50]"", ""admitted [ei51]"", ""AFTER""]]","[[""told [ei50]"", ""admitted [ei51]"", ""BEFORE""]]",BEFORE
te3_test_CNN_20130322_1003_l865,tempeval_relation,BEFORE,AFTER,0,1,1,0.0,0.0,,0,0,"Title:
New York man admits faking his death

Passage:
Davis added that his client has been under treatment for bipolar disorder in recent weeks.

Determine the temporal relation between the following event mentions.
- treatment [ei2010]
- added [ei53]

Use one of: BEFORE, AFTER, SIMULTANEOUS, UNKNOWN.","[[""treatment [ei2010]"", ""added [ei53]"", ""BEFORE""]]","[[""added [ei53]"", ""treatment [ei2010]"", ""BEFORE""]]",BEFORE
te3_test_CNN_20130322_1003_l90,tempeval_relation,SIMULTANEOUS,BEFORE,0,1,1,0.0,0.0,,0,0,"Title:
New York man admits faking his death

Passage:
Davis added that his client has been under treatment for bipolar disorder in recent weeks. During plea negotiations, Raymond Roth asked the district attorney's office not to give his son jail time, Davis said.

Determine the temporal relation between the following event mentions.
- added [ei53]
- said [ei57]

Use one of: BEFORE, AFTER, SIMULTANEOUS, UNKNOWN.","[[""added [ei53]"", ""said [ei57]"", ""SIMULTANEOUS""]]","[[""added [ei53]"", ""said [ei57]"", ""BEFORE""]]",BEFORE
te3_test_CNN_20130322_1003_l91,tempeval_relation,BEFORE,BEFORE,1,1,1,1.0,1.0,,0,0,"Title:
New York man admits faking his death

Passage:
During plea negotiations, Raymond Roth asked the district attorney's office not to give his son jail time, Davis said.

Determine the temporal relation between the following event mentions.
- negotiations [ei54]
- said [ei57]

Use one of: BEFORE, AFTER, SIMULTANEOUS, UNKNOWN.","[[""negotiations [ei54]"", ""said [ei57]"", ""BEFORE""]]","[[""negotiations [ei54]"", ""said [ei57]"", ""BEFORE""]]",BEFORE
te3_test_CNN_20130322_1003_l92,tempeval_relation,BEFORE,BEFORE,1,1,1,1.0,1.0,,0,0,"Title:
New York man admits faking his death

Passage:
During plea negotiations, Raymond Roth asked the district attorney's office not to give his son jail time, Davis said.

Determine the temporal relation between the following event mentions.
- asked [ei55]
- said [ei57]

Use one of: BEFORE, AFTER, SIMULTANEOUS, UNKNOWN.","[[""asked [ei55]"", ""said [ei57]"", ""BEFORE""]]","[[""asked [ei55]"", ""said [ei57]"", ""BEFORE""]]",BEFORE
te3_test_CNN_20130322_1003_l93,tempeval_relation,AFTER,BEFORE,0,1,1,0.0,0.0,,0,0,"Title:
New York man admits faking his death

Passage:
During plea negotiations, Raymond Roth asked the district attorney's office not to give his son jail time, Davis said.

Determine the temporal relation between the following event mentions.
- give [ei56]
- said [ei57]

Use one of: BEFORE, AFTER, SIMULTANEOUS, UNKNOWN.","[[""give [ei56]"", ""said [ei57]"", ""AFTER""]]","[[""give [ei56]"", ""said [ei57]"", ""BEFORE""]]",BEFORE
te3_test_CNN_20130322_1003_l95,tempeval_relation,SIMULTANEOUS,BEFORE,0,1,1,0.0,0.0,,0,0,"Title:
New York man admits faking his death

Passage:
During plea negotiations, Raymond Roth asked the district attorney's office not to give his son jail time, Davis said. On the advice of both their attorneys, father and son have not been in contact since their arrests, Davis said.

Determine the temporal relation between the following event mentions.
- said [ei57]
- said [ei59]

Use one of: BEFORE, AFTER, SIMULTANEOUS, UNKNOWN.","[[""said [ei57]"", ""said [ei59]"", ""SIMULTANEOUS""]]","[[""said [ei57]"", ""said [ei59]"", ""BEFORE""]]",BEFORE
te3_test_CNN_20130322_1003_l96,tempeval_relation,BEFORE,BEFORE,1,1,1,1.0,1.0,,0,0,"Title:
New York man admits faking his death

Passage:
On the advice of both their attorneys, father and son have not been in contact since their arrests, Davis said.

Determine the temporal relation between the following event mentions.
- arrests [ei58]
- said [ei59]

Use one of: BEFORE, AFTER, SIMULTANEOUS, UNKNOWN.","[[""arrests [ei58]"", ""said [ei59]"", ""BEFORE""]]","[[""arrests [ei58]"", ""said [ei59]"", ""BEFORE""]]",BEFORE
te3_test_CNN_20130322_1003_l98,tempeval_relation,SIMULTANEOUS,UNKNOWN,0,1,1,0.0,0.0,,0,0,"Title:
New York man admits faking his death

Passage:
On the advice of both their attorneys, father and son have not been in contact since their arrests, Davis said. ""He would like to straighten things out with (Jonathan) when the time comes,"" he said.

Determine the temporal relation between the following event mentions.
- said [ei59]
- said [ei63]

Use one of: BEFORE, AFTER, SIMULTANEOUS, UNKNOWN.","[[""said [ei59]"", ""said [ei63]"", ""SIMULTANEOUS""]]",[],UNKNOWN
te3_test_CNN_20130322_1003_l99,tempeval_relation,AFTER,BEFORE,0,1,1,0.0,0.0,,0,0,"Title:
New York man admits faking his death

Passage:
""He would like to straighten things out with (Jonathan) when the time comes,"" he said.

Determine the temporal relation between the following event mentions.
- like [ei60]
- said [ei63]

Use one of: BEFORE, AFTER, SIMULTANEOUS, UNKNOWN.","[[""like [ei60]"", ""said [ei63]"", ""AFTER""]]","[[""like [ei60]"", ""said [ei63]"", ""BEFORE""]]",BEFORE
te3_test_CNN_20130322_1003_l100,tempeval_relation,BEFORE,AFTER,0,1,1,0.0,0.0,,0,0,"Title:
New York man admits faking his death

Passage:
""He would like to straighten things out with (Jonathan) when the time comes,"" he said.

Determine the temporal relation between the following event mentions.
- straighten [ei61]
- said [ei63]

Use one of: BEFORE, AFTER, SIMULTANEOUS, UNKNOWN.","[[""straighten [ei61]"", ""said [ei63]"", ""BEFORE""]]","[[""said [ei63]"", ""straighten [ei61]"", ""BEFORE""]]",BEFORE
te3_test_CNN_20130322_1003_l101,tempeval_relation,BEFORE,AFTER,0,1,1,0.0,0.0,,0,0,"Title:
New York man admits faking his death

Passage:
""He would like to straighten things out with (Jonathan) when the time comes,"" he said.

Determine the temporal relation between the following event mentions.
- comes [ei62]
- said [ei63]

Use one of: BEFORE, AFTER, SIMULTANEOUS, UNKNOWN.","[[""comes [ei62]"", ""said [ei63]"", ""BEFORE""]]","[[""said [ei63]"", ""comes [ei62]"", ""BEFORE""]]",BEFORE
te3_test_CNN_20130322_1003_l205,tempeval_relation,SIMULTANEOUS,BEFORE,0,1,1,0.0,0.0,,0,0,"Title:
New York man admits faking his death

Passage:
Raymond Roth, 48, of Massapequa, New York, was first reported missing in the waters off Jones Beach late last July by his 22-year-old son, Jonathan Roth. Several days into an extensive search involving multiple agencies, New York State Park Police said, authorities learned the missing man was in South Carolina, where he had been pulled over for speeding. The day before Raymond Roth was pulled over, his wife, Evana, showed authorities e-mails she had discovered that appeared to detail a plan between him and his son to fake his death. Raymond Roth wanted his wife and son to collect at least $410,000 in life insurance benefits while he started a new life in Florida, Rice said.

Determine the temporal relation between the following event mentions.
- pulled [ei12]
- pulled [ei11]

Use one of: BEFORE, AFTER, SIMULTANEOUS, UNKNOWN.","[[""pulled [ei12]"", ""pulled [ei11]"", ""SIMULTANEOUS""]]","[[""pulled [ei12]"", ""pulled [ei11]"", ""BEFORE""]]",BEFORE
te3_test_CNN_20130322_1003_l207,tempeval_relation,SIMULTANEOUS,UNKNOWN,0,0,0,0.0,0.0,1,2,1,"Title:
New York man admits faking his death

Passage:
The day before Raymond Roth was pulled over, his wife, Evana, showed authorities e-mails she had discovered that appeared to detail a plan between him and his son to fake his death. Raymond Roth wanted his wife and son to collect at least $410,000 in life insurance benefits while he started a new life in Florida, Rice said. State police arrested both men in early August on charges of insurance fraud, conspiracy and filing a false report. Raymond Roth on Thursday agreed to plead guilty to the conspiracy charge in exchange for a sentence of 90 days in jail and five years' probation, the district attorney's office said. He also must pay restitution for the cost of the search -- $27,445 to the U.S. Coast Guard and $9,109 to the Nassau County Police Department. Evana Roth told CNN in August she thought her husband devised the plan after he was fired from his job in July. Her attorney, Lenard Leeds, said she had been unaware of the ruse before she uncovered the e-mail correspondence.

Determine the temporal relation between the following event mentions.
- ruse [ei35]
- fake [ei2001]

Use one of: BEFORE, AFTER, SIMULTANEOUS, UNKNOWN.","[[""ruse [ei35]"", ""fake [ei2001]"", ""SIMULTANEOUS""]]","[[""ruse [ei35]"", ""fake [ei20001]"", ""BEFORE""]]",BEFORE
te3_test_CNN_20130322_1003_l208,tempeval_relation,AFTER,BEFORE,0,1,1,0.0,0.0,,0,0,"Title:
New York man admits faking his death

Passage:
Evana Roth told CNN in August she thought her husband devised the plan after he was fired from his job in July. Her attorney, Lenard Leeds, said she had been unaware of the ruse before she uncovered the e-mail correspondence.

Determine the temporal relation between the following event mentions.
- uncovered [ei36]
- correspondence [ei1001]

Use one of: BEFORE, AFTER, SIMULTANEOUS, UNKNOWN.","[[""uncovered [ei36]"", ""correspondence [ei1001]"", ""AFTER""]]","[[""uncovered [ei36]"", ""correspondence [ei1001]"", ""BEFORE""]]",BEFORE
te3_test_CNN_20130322_1003_l209,tempeval_relation,AFTER,UNKNOWN,0,0,0,0.0,0.0,1,2,1,"Title:
New York man admits faking his death

Passage:
Evana Roth told CNN in August she thought her husband devised the plan after he was fired from his job in July. Her attorney, Lenard Leeds, said she had been unaware of the ruse before she uncovered the e-mail correspondence.

Determine the temporal relation between the following event mentions.
- uncovered [ei36]
- unaware [ei2003]

Use one of: BEFORE, AFTER, SIMULTANEOUS, UNKNOWN.","[[""uncovered [ei36]"", ""unaware [ei2003]"", ""AFTER""]]","[[""uncovered [ei36]"", ""unaware [ei20003]"", ""BEFORE""]]",BEFORE
te3_test_CNN_20130322_1003_l219,tempeval_relation,SIMULTANEOUS,AFTER,0,1,1,0.0,0.0,,0,0,"Title:
New York man admits faking his death

Passage:
""We had issues concerning the facts people had whether (Roth) had an agreement with his son,"" Davis told CNN on Thursday. ""He's admitted it now. He's accepted responsibility."" Davis added that his client has been under treatment for bipolar disorder in recent weeks.

Determine the temporal relation between the following event mentions.
- added [ei53]
- told [ei50]

Use one of: BEFORE, AFTER, SIMULTANEOUS, UNKNOWN.","[[""added [ei53]"", ""told [ei50]"", ""SIMULTANEOUS""]]","[[""told [ei50]"", ""added [ei53]"", ""BEFORE""]]",BEFORE
te3_test_CNN_20130322_1003_l220,tempeval_relation,SIMULTANEOUS,BEFORE,0,1,1,0.0,0.0,,0,0,"Title:
New York man admits faking his death

Passage:
A New York man who was accused of faking his death last summer pleaded guilty to a conspiracy charge Thursday, Nassau County District Attorney Kathleen Rice announced. Raymond Roth, 48, of Massapequa, New York, was first reported missing in the waters off Jones Beach late last July by his 22-year-old son, Jonathan Roth. Several days into an extensive search involving multiple agencies, New York State Park Police said, authorities learned the missing man was in South Carolina, where he had been pulled over for speeding. The day before Raymond Roth was pulled over, his wife, Evana, showed authorities e-mails she had discovered that appeared to detail a plan between him and his son to fake his death. Raymond Roth wanted his wife and son to collect at least $410,000 in life insurance benefits while he started a new life in Florida, Rice said.

Determine the temporal relation between the following event mentions.
- announced [ei5]
- said [ei20]

Use one of: BEFORE, AFTER, SIMULTANEOUS, UNKNOWN.","[[""announced [ei5]"", ""said [ei20]"", ""SIMULTANEOUS""]]","[[""announced [ei5]"", ""said [ei20]"", ""BEFORE""]]",BEFORE
te3_test_CNN_20130322_1243_l52,tempeval_relation,AFTER,BEFORE,0,1,1,0.0,0.0,,0,0,"Title:
Google Keep is a note-taking app with great potential

Passage:
But that's more a function of it being new, rather than poorly thought out. Like most things Google, expect the company to flesh out Keep over time and really turn it into our personal internet junk drawer.

Determine the temporal relation between the following event mentions.
- turn [ei36]
- expect [ei35]

Use one of: BEFORE, AFTER, SIMULTANEOUS, UNKNOWN.","[[""turn [ei36]"", ""expect [ei35]"", ""AFTER""]]","[[""turn [ei36]"", ""expect [ei35]"", ""BEFORE""]]",BEFORE
te3_test_CNN_20130322_1243_l55,tempeval_relation,AFTER,AFTER,1,1,1,0.0,1.0,,0,0,"Title:
Google Keep is a note-taking app with great potential

Passage:
It's easy to foresee the day the when users will be able to send anything from their Web browser or Maps directly to Keep. The prospect of Keep incorporating features of services such as Pinterest or Pocket, or even making it easy to catalog streaming media, could turn it into something big. That should scare Evernote.

Determine the temporal relation between the following event mentions.
- send [ei38]
- foresee [ei37]

Use one of: BEFORE, AFTER, SIMULTANEOUS, UNKNOWN.","[[""send [ei38]"", ""foresee [ei37]"", ""AFTER""]]","[[""foresee [ei37]"", ""send [ei38]"", ""BEFORE""]]",BEFORE
te3_test_CNN_20130322_1243_l58,tempeval_relation,BEFORE,BEFORE,1,1,1,1.0,1.0,,0,0,"Title:
Google Keep is a note-taking app with great potential

Passage:
It's easy to foresee the day the when users will be able to send anything from their Web browser or Maps directly to Keep. The prospect of Keep incorporating features of services such as Pinterest or Pocket, or even making it easy to catalog streaming media, could turn it into something big. That should scare Evernote.

Determine the temporal relation between the following event mentions.
- foresee [ei37]
- turn [ei40]

Use one of: BEFORE, AFTER, SIMULTANEOUS, UNKNOWN.","[[""foresee [ei37]"", ""turn [ei40]"", ""BEFORE""]]","[[""foresee [ei37]"", ""turn [ei40]"", ""BEFORE""]]",BEFORE
te3_test_CNN_20130322_1243_l60,tempeval_relation,BEFORE,BEFORE,1,1,1,1.0,1.0,,0,0,"Title:
Google Keep is a note-taking app with great potential

Passage:
It's easy to foresee the day the when users will be able to send anything from their Web browser or Maps directly to Keep. The prospect of Keep incorporating features of services such as Pinterest or Pocket, or even making it easy to catalog streaming media, could turn it into something big. That should scare Evernote.

Determine the temporal relation between the following event mentions.
- turn [ei40]
- scare [ei41]

Use one of: BEFORE, AFTER, SIMULTANEOUS, UNKNOWN.","[[""turn [ei40]"", ""scare [ei41]"", ""BEFORE""]]","[[""turn [ei40]"", ""scare [ei41]"", ""BEFORE""]]",BEFORE
te3_test_CNN_20130322_1243_l63,tempeval_relation,BEFORE,BEFORE,1,0,0,1.0,1.0,1,1,2,"Title:
Google Keep is a note-taking app with great potential

Passage:
In filling a minor, but important gap in its mobile ecosystem, Google gives the competition one less claim of superiority over Android.

Determine the temporal relation between the following event mentions.
- filling [ei42]
- gives [ei43]

Use one of: BEFORE, AFTER, SIMULTANEOUS, UNKNOWN.","[[""filling [ei42]"", ""gives [ei43]"", ""BEFORE""]]","[[""filling [ei42]"", ""gives [ei43]"", ""BEFORE""]]",BEFORE
te3_test_CNN_20130322_248_l3,tempeval_relation,AFTER,AFTER,1,1,1,0.0,1.0,,0,0,"Title:
FAA to close 149 regional airport control towers, spare 40 others

Passage:
The FAA on Friday announced it will close 149 regional airport control towers because of forced spending cuts -- sparing 40 others that the FAA had been expected to shutter.

Determine the temporal relation between the following event mentions.
- close [ei2]
- announced [ei1]

Use one of: BEFORE, AFTER, SIMULTANEOUS, UNKNOWN.","[[""close [ei2]"", ""announced [ei1]"", ""AFTER""]]","[[""announced [ei1]"", ""close [ei2]"", ""BEFORE""]]",BEFORE
te3_test_CNN_20130322_248_l5,tempeval_relation,BEFORE,UNKNOWN,0,0,0,0.0,0.0,0,2,1,"Title:
FAA to close 149 regional airport control towers, spare 40 others

Passage:
The FAA on Friday announced it will close 149 regional airport control towers because of forced spending cuts -- sparing 40 others that the FAA had been expected to shutter.

Determine the temporal relation between the following event mentions.
- expected [ei4]
- announced [ei1]

Use one of: BEFORE, AFTER, SIMULTANEOUS, UNKNOWN.","[[""expected [ei4]"", ""announced [ei1]"", ""BEFORE""]]","[[""expected"", ""announced"", ""BEFORE""]]",BEFORE
te3_test_CNN_20130322_248_l8,tempeval_relation,SIMULTANEOUS,BEFORE,0,1,1,0.0,0.0,,0,0,"Title:
FAA to close 149 regional airport control towers, spare 40 others

Passage:
The FAA on Friday announced it will close 149 regional airport control towers because of forced spending cuts -- sparing 40 others that the FAA had been expected to shutter. A four-week, phased closure of the 149 control towers will begin on April 7, the FAA said.

Determine the temporal relation between the following event mentions.
- announced [ei1]
- said [ei7]

Use one of: BEFORE, AFTER, SIMULTANEOUS, UNKNOWN.","[[""announced [ei1]"", ""said [ei7]"", ""SIMULTANEOUS""]]","[[""announced [ei1]"", ""said [ei7]"", ""BEFORE""]]",BEFORE
te3_test_CNN_20130322_248_l9,tempeval_relation,BEFORE,AFTER,0,1,1,0.0,0.0,,0,0,"Title:
FAA to close 149 regional airport control towers, spare 40 others

Passage:
A four-week, phased closure of the 149 control towers will begin on April 7, the FAA said.

Determine the temporal relation between the following event mentions.
- closure [ei5]
- said [ei7]

Use one of: BEFORE, AFTER, SIMULTANEOUS, UNKNOWN.","[[""closure [ei5]"", ""said [ei7]"", ""BEFORE""]]","[[""said [ei7]"", ""closure [ei5]"", ""BEFORE""]]",BEFORE
te3_test_CNN_20130322_248_l10,tempeval_relation,AFTER,UNKNOWN,0,0,1,0.0,0.0,1,1,1,"Title:
FAA to close 149 regional airport control towers, spare 40 others

Passage:
A four-week, phased closure of the 149 control towers will begin on April 7, the FAA said.

Determine the temporal relation between the following event mentions.
- begin [ei6]
- said [ei7]

Use one of: BEFORE, AFTER, SIMULTANEOUS, UNKNOWN.","[[""begin [ei6]"", ""said [ei7]"", ""AFTER""]]","[[""ei6"", ""ei7"", ""BEFORE""]]",BEFORE
te3_test_CNN_20130322_248_l14,tempeval_relation,AFTER,AFTER,1,1,1,0.0,1.0,,0,0,"Title:
FAA to close 149 regional airport control towers, spare 40 others

Passage:
The FAA had been expected to announce the closure of 189 low- or moderate-volume towers staffed by contractors. Before Friday's announcement, it said it would consider keeping a tower open if the airport convinces the agency it is in the ""national interest"" to do so.

Determine the temporal relation between the following event mentions.
- announce [ei9]
- expected [ei8]

Use one of: BEFORE, AFTER, SIMULTANEOUS, UNKNOWN.","[[""announce [ei9]"", ""expected [ei8]"", ""AFTER""]]","[[""expected [ei8]"", ""announce [ei9]"", ""BEFORE""]]",BEFORE
te3_test_CNN_20130322_248_l15,tempeval_relation,AFTER,AFTER,1,1,1,0.0,1.0,,0,0,"Title:
FAA to close 149 regional airport control towers, spare 40 others

Passage:
The FAA had been expected to announce the closure of 189 low- or moderate-volume towers staffed by contractors. Before Friday's announcement, it said it would consider keeping a tower open if the airport convinces the agency it is in the ""national interest"" to do so.

Determine the temporal relation between the following event mentions.
- closure [ei10]
- expected [ei8]

Use one of: BEFORE, AFTER, SIMULTANEOUS, UNKNOWN.","[[""closure [ei10]"", ""expected [ei8]"", ""AFTER""]]","[[""expected [ei8]"", ""closure [ei10]"", ""BEFORE""]]",BEFORE
te3_test_CNN_20130322_248_l19,tempeval_relation,AFTER,BEFORE,0,1,1,0.0,0.0,,0,0,"Title:
FAA to close 149 regional airport control towers, spare 40 others

Passage:
The FAA had been expected to announce the closure of 189 low- or moderate-volume towers staffed by contractors. Before Friday's announcement, it said it would consider keeping a tower open if the airport convinces the agency it is in the ""national interest"" to do so.

Determine the temporal relation between the following event mentions.
- announcement [ei11]
- said [ei12]

Use one of: BEFORE, AFTER, SIMULTANEOUS, UNKNOWN.","[[""announcement [ei11]"", ""said [ei12]"", ""AFTER""]]","[[""announcement [ei11]"", ""said [ei12]"", ""BEFORE""]]",BEFORE
te3_test_CNN_20130322_248_l20,tempeval_relation,AFTER,AFTER,1,1,1,0.0,1.0,,0,0,"Title:
FAA to close 149 regional airport control towers, spare 40 others

Passage:
The FAA had been expected to announce the closure of 189 low- or moderate-volume towers staffed by contractors. Before Friday's announcement, it said it would consider keeping a tower open if the airport convinces the agency it is in the ""national interest"" to do so.

Determine the temporal relation between the following event mentions.
- consider [ei13]
- said [ei12]

Use one of: BEFORE, AFTER, SIMULTANEOUS, UNKNOWN.","[[""consider [ei13]"", ""said [ei12]"", ""AFTER""]]","[[""said [ei12]"", ""consider [ei13]"", ""BEFORE""]]",BEFORE
te3_test_CNN_20130322_248_l27,tempeval_relation,SIMULTANEOUS,UNKNOWN,0,1,1,0.0,0.0,,0,0,"Title:
FAA to close 149 regional airport control towers, spare 40 others

Passage:
By congressional mandate, the FAA must cut nearly $600 million from its nearly $48 billion budget this fiscal year. Because the majority of its 47,000 employees are air traffic controllers, it is impossible to cut its budget without affecting controllers, the agency says.

Determine the temporal relation between the following event mentions.
- cut [ei16]
- says [ei18]

Use one of: BEFORE, AFTER, SIMULTANEOUS, UNKNOWN.","[[""cut [ei16]"", ""says [ei18]"", ""SIMULTANEOUS""]]",[],UNKNOWN
te3_test_CNN_20130322_248_l28,tempeval_relation,BEFORE,BEFORE,1,1,1,1.0,1.0,,0,0,"Title:
FAA to close 149 regional airport control towers, spare 40 others

Passage:
By congressional mandate, the FAA must cut nearly $600 million from its nearly $48 billion budget this fiscal year. Because the majority of its 47,000 employees are air traffic controllers, it is impossible to cut its budget without affecting controllers, the agency says.

Determine the temporal relation between the following event mentions.
- cut [ei17]
- says [ei18]

Use one of: BEFORE, AFTER, SIMULTANEOUS, UNKNOWN.","[[""cut [ei17]"", ""says [ei18]"", ""BEFORE""]]","[[""cut [ei17]"", ""says [ei18]"", ""BEFORE""]]",BEFORE
te3_test_CNN_20130322_248_l101,tempeval_relation,SIMULTANEOUS,BEFORE,0,1,1,0.0,0.0,,0,0,"Title:
FAA to close 149 regional airport control towers, spare 40 others

Passage:
The FAA on Friday announced it will close 149 regional airport control towers because of forced spending cuts -- sparing 40 others that the FAA had been expected to shutter. A four-week, phased closure of the 149 control towers will begin on April 7, the FAA said.

Determine the temporal relation between the following event mentions.
- announced [ei1]
- said [ei7]

Use one of: BEFORE, AFTER, SIMULTANEOUS, UNKNOWN.","[[""announced [ei1]"", ""said [ei7]"", ""SIMULTANEOUS""]]","[[""announced [ei1]"", ""said [ei7]"", ""BEFORE""]]",BEFORE
te3_test_CNN_20130322_248_l102,tempeval_relation,BEFORE,UNKNOWN,0,0,0,0.0,0.0,0,2,1,"Title:
FAA to close 149 regional airport control towers, spare 40 others

Passage:
The FAA on Friday announced it will close 149 regional airport control towers because of forced spending cuts -- sparing 40 others that the FAA had been expected to shutter. A four-week, phased closure of the 149 control towers will begin on April 7, the FAA said. The FAA had been expected to announce the closure of 189 low- or moderate-volume towers staffed by contractors. Before Friday's announcement, it said it would consider keeping a tower open if the airport convinces the agency it is in the ""national interest"" to do so.

Determine the temporal relation between the following event mentions.
- expected [ei8]
- announced [ei1]

Use one of: BEFORE, AFTER, SIMULTANEOUS, UNKNOWN.","[[""expected [ei8]"", ""announced [ei1]"", ""BEFORE""]]","[[""expected"", ""announced"", ""BEFORE""]]",BEFORE
te3_test_CNN_20130322_248_l104,tempeval_relation,SIMULTANEOUS,BEFORE,0,1,1,0.0,0.0,,0,0,"Title:
FAA to close 149 regional airport control towers, spare 40 others

Passage:
The FAA on Friday announced it will close 149 regional airport control towers because of forced spending cuts -- sparing 40 others that the FAA had been expected to shutter. A four-week, phased closure of the 149 control towers will begin on April 7, the FAA said. The FAA had been expected to announce the closure of 189 low- or moderate-volume towers staffed by contractors. Before Friday's announcement, it said it would consider keeping a tower open if the airport convinces the agency it is in the ""national interest"" to do so.

Determine the temporal relation between the following event mentions.
- announced [ei1]
- announcement [ei11]

Use one of: BEFORE, AFTER, SIMULTANEOUS, UNKNOWN.","[[""announced [ei1]"", ""announcement [ei11]"", ""SIMULTANEOUS""]]","[[""announced [ei1]"", ""announcement [ei11]"", ""BEFORE""]]",BEFORE
te3_test_CNN_20130322_248_l105,tempeval_relation,AFTER,BEFORE,0,1,1,0.0,0.0,,0,0,"Title:
FAA to close 149 regional airport control towers, spare 40 others

Passage:
The FAA on Friday announced it will close 149 regional airport control towers because of forced spending cuts -- sparing 40 others that the FAA had been expected to shutter.

Determine the temporal relation between the following event mentions.
- close [ei2]
- cuts [ei102]

Use one of: BEFORE, AFTER, SIMULTANEOUS, UNKNOWN.","[[""close [ei2]"", ""cuts [ei102]"", ""AFTER""]]","[[""close [ei2]"", ""cuts [ei102]"", ""BEFORE""]]",BEFORE
te3_test_CNN_20130322_248_l106,tempeval_relation,AFTER,AFTER,1,1,1,0.0,1.0,,0,0,"Title:
FAA to close 149 regional airport control towers, spare 40 others

Passage:
The FAA on Friday announced it will close 149 regional airport control towers because of forced spending cuts -- sparing 40 others that the FAA had been expected to shutter.

Determine the temporal relation between the following event mentions.
- sparing [ei3]
- announced [ei1]

Use one of: BEFORE, AFTER, SIMULTANEOUS, UNKNOWN.","[[""sparing [ei3]"", ""announced [ei1]"", ""AFTER""]]","[[""announced [ei1]"", ""sparing [ei3]"", ""BEFORE""]]",BEFORE
te3_test_CNN_20130322_248_l107,tempeval_relation,AFTER,BEFORE,0,1,1,0.0,0.0,,0,0,"Title:
FAA to close 149 regional airport control towers, spare 40 others

Passage:
A four-week, phased closure of the 149 control towers will begin on April 7, the FAA said. The FAA had been expected to announce the closure of 189 low- or moderate-volume towers staffed by contractors. Before Friday's announcement, it said it would consider keeping a tower open if the airport convinces the agency it is in the ""national interest"" to do so.

Determine the temporal relation between the following event mentions.
- said [ei7]
- expected [ei8]

Use one of: BEFORE, AFTER, SIMULTANEOUS, UNKNOWN.","[[""said [ei7]"", ""expected [ei8]"", ""AFTER""]]","[[""said [ei7]"", ""expected [ei8]"", ""BEFORE""]]",BEFORE
te3_test_CNN_20130322_248_l108,tempeval_relation,AFTER,BEFORE,0,1,1,0.0,0.0,,0,0,"Title:
FAA to close 149 regional airport control towers, spare 40 others

Passage:
The FAA had been expected to announce the closure of 189 low- or moderate-volume towers staffed by contractors. Before Friday's announcement, it said it would consider keeping a tower open if the airport convinces the agency it is in the ""national interest"" to do so.

Determine the temporal relation between the following event mentions.
- announcement [ei11]
- said [ei12]

Use one of: BEFORE, AFTER, SIMULTANEOUS, UNKNOWN.","[[""announcement [ei11]"", ""said [ei12]"", ""AFTER""]]","[[""announcement [ei11]"", ""said [ei12]"", ""BEFORE""]]",BEFORE
te3_test_CNN_20130322_248_l110,tempeval_relation,BEFORE,BEFORE,1,1,1,1.0,1.0,,0,0,"Title:
FAA to close 149 regional airport control towers, spare 40 others

Passage:
The FAA had been expected to announce the closure of 189 low- or moderate-volume towers staffed by contractors. Before Friday's announcement, it said it would consider keeping a tower open if the airport convinces the agency it is in the ""national interest"" to do so.

Determine the temporal relation between the following event mentions.
- convinces [ei15]
- keeping [ei14]

Use one of: BEFORE, AFTER, SIMULTANEOUS, UNKNOWN.","[[""convinces [ei15]"", ""keeping [ei14]"", ""BEFORE""]]","[[""convinces [ei15]"", ""keeping [ei14]"", ""BEFORE""]]",BEFORE
te3_test_CNN_20130322_248_l113,tempeval_relation,BEFORE,UNKNOWN,0,0,0,0.0,0.0,0,2,1,"Title:
FAA to close 149 regional airport control towers, spare 40 others

Passage:
The FAA on Friday announced it will close 149 regional airport control towers because of forced spending cuts -- sparing 40 others that the FAA had been expected to shutter.

Determine the temporal relation between the following event mentions.
- expected [ei4]
- shutter [ei45]

Use one of: BEFORE, AFTER, SIMULTANEOUS, UNKNOWN.","[[""expected [ei4]"", ""shutter [ei45]"", ""BEFORE""]]","[[""expected"", ""shutter"", ""BEFORE""]]",BEFORE
te3_test_CNN_20130322_314_l3,tempeval_relation,BEFORE,BEFORE,1,1,1,1.0,1.0,,0,0,"Title:
Obama gets diplomatic coup before heading to refugee-flooded Jordan

Passage:
President Barack Obama arrived in refugee-flooded Jordan on Friday after scoring a diplomatic coup just before leaving Israel when Prime Minister Benjamin Netanyahu apologized to Turkey for a 2010 commando raid that killed nine activists on a Turkish vessel in a Gaza-bound flotilla.

Determine the temporal relation between the following event mentions.
- scoring [ei2]
- arrived [ei1]

Use one of: BEFORE, AFTER, SIMULTANEOUS, UNKNOWN.","[[""scoring [ei2]"", ""arrived [ei1]"", ""BEFORE""]]","[[""scoring [ei2]"", ""arrived [ei1]"", ""BEFORE""]]",BEFORE
te3_test_CNN_20130322_314_l4,tempeval_relation,BEFORE,UNKNOWN,0,0,0,0.0,0.0,0,2,1,"Title:
Obama gets diplomatic coup before heading to refugee-flooded Jordan

Passage:
President Barack Obama arrived in refugee-flooded Jordan on Friday after scoring a diplomatic coup just before leaving Israel when Prime Minister Benjamin Netanyahu apologized to Turkey for a 2010 commando raid that killed nine activists on a Turkish vessel in a Gaza-bound flotilla.

Determine the temporal relation between the following event mentions.
- coup [ei3]
- arrived [ei1]

Use one of: BEFORE, AFTER, SIMULTANEOUS, UNKNOWN.","[[""coup [ei3]"", ""arrived [ei1]"", ""BEFORE""]]","[[""ei3"", ""ei1"", ""BEFORE""]]",BEFORE
te3_test_CNN_20130322_314_l5,tempeval_relation,BEFORE,UNKNOWN,0,0,0,0.0,0.0,0,2,1,"Title:
Obama gets diplomatic coup before heading to refugee-flooded Jordan

Passage:
President Barack Obama arrived in refugee-flooded Jordan on Friday after scoring a diplomatic coup just before leaving Israel when Prime Minister Benjamin Netanyahu apologized to Turkey for a 2010 commando raid that killed nine activists on a Turkish vessel in a Gaza-bound flotilla.

Determine the temporal relation between the following event mentions.
- leaving [ei4]
- arrived [ei1]

Use one of: BEFORE, AFTER, SIMULTANEOUS, UNKNOWN.","[[""leaving [ei4]"", ""arrived [ei1]"", ""BEFORE""]]","[[""ei4"", ""ei1"", ""BEFORE""]]",BEFORE
te3_test_CNN_20130322_314_l6,tempeval_relation,BEFORE,BEFORE,1,1,1,1.0,1.0,,0,0,"Title:
Obama gets diplomatic coup before heading to refugee-flooded Jordan

Passage:
President Barack Obama arrived in refugee-flooded Jordan on Friday after scoring a diplomatic coup just before leaving Israel when Prime Minister Benjamin Netanyahu apologized to Turkey for a 2010 commando raid that killed nine activists on a Turkish vessel in a Gaza-bound flotilla.

Determine the temporal relation between the following event mentions.
- apologized [ei5]
- arrived [ei1]

Use one of: BEFORE, AFTER, SIMULTANEOUS, UNKNOWN.","[[""apologized [ei5]"", ""arrived [ei1]"", ""BEFORE""]]","[[""apologized [ei5]"", ""arrived [ei1]"", ""BEFORE""]]",BEFORE
te3_test_CNN_20130322_314_l7,tempeval_relation,BEFORE,BEFORE,1,1,1,1.0,1.0,,0,0,"Title:
Obama gets diplomatic coup before heading to refugee-flooded Jordan

Passage:
President Barack Obama arrived in refugee-flooded Jordan on Friday after scoring a diplomatic coup just before leaving Israel when Prime Minister Benjamin Netanyahu apologized to Turkey for a 2010 commando raid that killed nine activists on a Turkish vessel in a Gaza-bound flotilla.

Determine the temporal relation between the following event mentions.
- raid [ei6]
- arrived [ei1]

Use one of: BEFORE, AFTER, SIMULTANEOUS, UNKNOWN.","[[""raid [ei6]"", ""arrived [ei1]"", ""BEFORE""]]","[[""raid [ei6]"", ""arrived [ei1]"", ""BEFORE""]]",BEFORE
te3_test_CNN_20130322_314_l8,tempeval_relation,BEFORE,BEFORE,1,1,1,1.0,1.0,,0,0,"Title:
Obama gets diplomatic coup before heading to refugee-flooded Jordan

Passage:
President Barack Obama arrived in refugee-flooded Jordan on Friday after scoring a diplomatic coup just before leaving Israel when Prime Minister Benjamin Netanyahu apologized to Turkey for a 2010 commando raid that killed nine activists on a Turkish vessel in a Gaza-bound flotilla.

Determine the temporal relation between the following event mentions.
- killed [ei7]
- arrived [ei1]

Use one of: BEFORE, AFTER, SIMULTANEOUS, UNKNOWN.","[[""killed [ei7]"", ""arrived [ei1]"", ""BEFORE""]]","[[""killed [ei7]"", ""arrived [ei1]"", ""BEFORE""]]",BEFORE
te3_test_CNN_20130322_314_l11,tempeval_relation,BEFORE,UNKNOWN,0,0,0,0.0,0.0,0,2,1,"Title:
Obama gets diplomatic coup before heading to refugee-flooded Jordan

Passage:
The apology, long sought by Turkish Prime Minister Recep Erdogan, eased strained feelings between Turkey and Israel, two vital U.S. allies in the Middle East.

Determine the temporal relation between the following event mentions.
- sought [ei8]
- eased [ei9]

Use one of: BEFORE, AFTER, SIMULTANEOUS, UNKNOWN.","[[""sought [ei8]"", ""eased [ei9]"", ""BEFORE""]]","[[""seated"", ""eased"", ""BEFORE""]]",BEFORE
te3_test_CNN_20130322_314_l13,tempeval_relation,AFTER,UNKNOWN,0,0,0,0.0,0.0,0,2,1,"Title:
Obama gets diplomatic coup before heading to refugee-flooded Jordan

Passage:
The apology, long sought by Turkish Prime Minister Recep Erdogan, eased strained feelings between Turkey and Israel, two vital U.S. allies in the Middle East. It happened in a phone call to Erdogan during a final meeting between Obama and Netanyahu at Ben Gurion International Airport in Tel Aviv minutes before Air Force One departed for Jordan to complete the president's Middle East swing. It is the first foreign trip of his second term.

Determine the temporal relation between the following event mentions.
- eased [ei9]
- happened [ei10]

Use one of: BEFORE, AFTER, SIMULTANEOUS, UNKNOWN.","[[""eased [ei9]"", ""happened [ei10]"", ""AFTER""]]","[[""ei9"", ""ei10"", ""BEFORE""]]",BEFORE
te3_test_CNN_20130322_314_l15,tempeval_relation,AFTER,AFTER,1,1,1,0.0,1.0,,0,0,"Title:
Obama gets diplomatic coup before heading to refugee-flooded Jordan

Passage:
It happened in a phone call to Erdogan during a final meeting between Obama and Netanyahu at Ben Gurion International Airport in Tel Aviv minutes before Air Force One departed for Jordan to complete the president's Middle East swing. It is the first foreign trip of his second term.

Determine the temporal relation between the following event mentions.
- departed [ei12]
- happened [ei10]

Use one of: BEFORE, AFTER, SIMULTANEOUS, UNKNOWN.","[[""departed [ei12]"", ""happened [ei10]"", ""AFTER""]]","[[""happened [ei10]"", ""departed [ei12]"", ""BEFORE""]]",BEFORE
te3_test_CNN_20130322_314_l16,tempeval_relation,AFTER,UNKNOWN,0,0,0,0.0,0.0,0,2,1,"Title:
Obama gets diplomatic coup before heading to refugee-flooded Jordan

Passage:
It happened in a phone call to Erdogan during a final meeting between Obama and Netanyahu at Ben Gurion International Airport in Tel Aviv minutes before Air Force One departed for Jordan to complete the president's Middle East swing. It is the first foreign trip of his second term.

Determine the temporal relation between the following event mentions.
- complete [ei13]
- happened [ei10]

Use one of: BEFORE, AFTER, SIMULTANEOUS, UNKNOWN.","[[""complete [ei13]"", ""happened [ei10]"", ""AFTER""]]","[[""happened"", ""complete"", ""BEFORE""]]",BEFORE
te3_test_CNN_20130322_314_l21,tempeval_relation,BEFORE,UNKNOWN,0,0,0,0.0,0.0,0,2,1,"Title:
Obama gets diplomatic coup before heading to refugee-flooded Jordan

Passage:
A statement from Netanyahu's office said the apology included an offer of compensation. However, there was confusion later when the Israeli government dropped a reference in its original statement to normalized relations between the countries with a return of ambassadors.

Determine the temporal relation between the following event mentions.
- included [ei16]
- said [ei15]

Use one of: BEFORE, AFTER, SIMULTANEOUS, UNKNOWN.","[[""included [ei16]"", ""said [ei15]"", ""BEFORE""]]","[[""ei15"", ""ei16"", ""BEFORE""]]",BEFORE
te3_test_CNN_20130322_314_l22,tempeval_relation,BEFORE,AFTER,0,1,1,0.0,0.0,,0,0,"Title:
Obama gets diplomatic coup before heading to refugee-flooded Jordan

Passage:
A statement from Netanyahu's office said the apology included an offer of compensation. However, there was confusion later when the Israeli government dropped a reference in its original statement to normalized relations between the countries with a return of ambassadors.

Determine the temporal relation between the following event mentions.
- offer [ei17]
- said [ei15]

Use one of: BEFORE, AFTER, SIMULTANEOUS, UNKNOWN.","[[""offer [ei17]"", ""said [ei15]"", ""BEFORE""]]","[[""said [ei15]"", ""offer [ei17]"", ""BEFORE""]]",BEFORE
te3_test_CNN_20130322_314_l24,tempeval_relation,BEFORE,BEFORE,1,1,1,1.0,1.0,,0,0,"Title:
Obama gets diplomatic coup before heading to refugee-flooded Jordan

Passage:
A statement from Netanyahu's office said the apology included an offer of compensation. However, there was confusion later when the Israeli government dropped a reference in its original statement to normalized relations between the countries with a return of ambassadors.

Determine the temporal relation between the following event mentions.
- said [ei15]
- dropped [ei18]

Use one of: BEFORE, AFTER, SIMULTANEOUS, UNKNOWN.","[[""said [ei15]"", ""dropped [ei18]"", ""BEFORE""]]","[[""said [ei15]"", ""dropped [ei18]"", ""BEFORE""]]",BEFORE
te3_test_CNN_20130322_314_l26,tempeval_relation,BEFORE,UNKNOWN,0,1,1,0.0,0.0,,0,0,"Title:
Obama gets diplomatic coup before heading to refugee-flooded Jordan

Passage:
A statement from Netanyahu's office said the apology included an offer of compensation. However, there was confusion later when the Israeli government dropped a reference in its original statement to normalized relations between the countries with a return of ambassadors. There also was no word on whether the once-close nations would resume the joint military exercises that were suspended after the flotilla raid.

Determine the temporal relation between the following event mentions.
- dropped [ei18]
- resume [ei19]

Use one of: BEFORE, AFTER, SIMULTANEOUS, UNKNOWN.","[[""dropped [ei18]"", ""resume [ei19]"", ""BEFORE""]]",[],UNKNOWN
te3_test_CNN_20130322_314_l27,tempeval_relation,BEFORE,UNKNOWN,0,1,1,0.0,0.0,,0,0,"Title:
Obama gets diplomatic coup before heading to refugee-flooded Jordan

Passage:
There also was no word on whether the once-close nations would resume the joint military exercises that were suspended after the flotilla raid.

Determine the temporal relation between the following event mentions.
- exercises [ei20]
- resume [ei19]

Use one of: BEFORE, AFTER, SIMULTANEOUS, UNKNOWN.","[[""exercises [ei20]"", ""resume [ei19]"", ""BEFORE""]]",[],UNKNOWN
te3_test_CNN_20130322_314_l28,tempeval_relation,BEFORE,BEFORE,1,1,1,1.0,1.0,,0,0,"Title:
Obama gets diplomatic coup before heading to refugee-flooded Jordan

Passage:
There also was no word on whether the once-close nations would resume the joint military exercises that were suspended after the flotilla raid.

Determine the temporal relation between the following event mentions.
- suspended [ei21]
- resume [ei19]

Use one of: BEFORE, AFTER, SIMULTANEOUS, UNKNOWN.","[[""suspended [ei21]"", ""resume [ei19]"", ""BEFORE""]]","[[""suspended [ei21]"", ""resume [ei19]"", ""BEFORE""]]",BEFORE
te3_test_CNN_20130322_314_l29,tempeval_relation,BEFORE,BEFORE,1,1,1,1.0,1.0,,0,0,"Title:
Obama gets diplomatic coup before heading to refugee-flooded Jordan

Passage:
There also was no word on whether the once-close nations would resume the joint military exercises that were suspended after the flotilla raid.

Determine the temporal relation between the following event mentions.
- raid [ei22]
- resume [ei19]

Use one of: BEFORE, AFTER, SIMULTANEOUS, UNKNOWN.","[[""raid [ei22]"", ""resume [ei19]"", ""BEFORE""]]","[[""raid [ei22]"", ""resume [ei19]"", ""BEFORE""]]",BEFORE
te3_test_CNN_20130322_314_l31,tempeval_relation,AFTER,UNKNOWN,0,1,1,0.0,0.0,,0,0,"Title:
Obama gets diplomatic coup before heading to refugee-flooded Jordan

Passage:
There also was no word on whether the once-close nations would resume the joint military exercises that were suspended after the flotilla raid. Turkey had been prosecuting four Israeli soldiers in absentia and Israel initially said the two leaders agreed to the cancellation of legal steps against the troops. Later, however, its amended statement omitted that action as well.

Determine the temporal relation between the following event mentions.
- resume [ei19]
- said [ei24]

Use one of: BEFORE, AFTER, SIMULTANEOUS, UNKNOWN.","[[""resume [ei19]"", ""said [ei24]"", ""AFTER""]]",[],UNKNOWN
te3_test_CNN_20130322_314_l33,tempeval_relation,BEFORE,AFTER,0,1,1,0.0,0.0,,0,0,"Title:
Obama gets diplomatic coup before heading to refugee-flooded Jordan

Passage:
Turkey had been prosecuting four Israeli soldiers in absentia and Israel initially said the two leaders agreed to the cancellation of legal steps against the troops. Later, however, its amended statement omitted that action as well.

Determine the temporal relation between the following event mentions.
- agreed [ei25]
- said [ei24]

Use one of: BEFORE, AFTER, SIMULTANEOUS, UNKNOWN.","[[""agreed [ei25]"", ""said [ei24]"", ""BEFORE""]]","[[""said [ei24]"", ""agreed [ei25]"", ""BEFORE""]]",BEFORE
te3_test_CNN_20130322_314_l36,tempeval_relation,BEFORE,BEFORE,1,1,1,1.0,1.0,,0,0,"Title:
Obama gets diplomatic coup before heading to refugee-flooded Jordan

Passage:
Turkey had been prosecuting four Israeli soldiers in absentia and Israel initially said the two leaders agreed to the cancellation of legal steps against the troops. Later, however, its amended statement omitted that action as well.

Determine the temporal relation between the following event mentions.
- said [ei24]
- omitted [ei27]

Use one of: BEFORE, AFTER, SIMULTANEOUS, UNKNOWN.","[[""said [ei24]"", ""omitted [ei27]"", ""BEFORE""]]","[[""said [ei24]"", ""omitted [ei27]"", ""BEFORE""]]",BEFORE
te3_test_CNN_20130322_314_l107,tempeval_relation,BEFORE,BEFORE,1,1,1,1.0,1.0,,0,0,"Title:
Obama gets diplomatic coup before heading to refugee-flooded Jordan

Passage:
President Barack Obama arrived in refugee-flooded Jordan on Friday after scoring a diplomatic coup just before leaving Israel when Prime Minister Benjamin Netanyahu apologized to Turkey for a 2010 commando raid that killed nine activists on a Turkish vessel in a Gaza-bound flotilla.

Determine the temporal relation between the following event mentions.
- leaving [ei4]
- scoring [ei2]

Use one of: BEFORE, AFTER, SIMULTANEOUS, UNKNOWN.","[[""leaving [ei4]"", ""scoring [ei2]"", ""BEFORE""]]","[[""leaving [ei4]"", ""scoring [ei2]"", ""BEFORE""]]",BEFORE
te3_test_CNN_20130322_314_l108,tempeval_relation,SIMULTANEOUS,BEFORE,0,1,1,0.0,0.0,,0,0,"Title:
Obama gets diplomatic coup before heading to refugee-flooded Jordan

Passage:
President Barack Obama arrived in refugee-flooded Jordan on Friday after scoring a diplomatic coup just before leaving Israel when Prime Minister Benjamin Netanyahu apologized to Turkey for a 2010 commando raid that killed nine activists on a Turkish vessel in a Gaza-bound flotilla.

Determine the temporal relation between the following event mentions.
- scoring [ei2]
- apologized [ei5]

Use one of: BEFORE, AFTER, SIMULTANEOUS, UNKNOWN.","[[""scoring [ei2]"", ""apologized [ei5]"", ""SIMULTANEOUS""]]","[[""scoring [ei2]"", ""apologized [ei5]"", ""BEFORE""]]",BEFORE
te3_test_CNN_20130322_314_l109,tempeval_relation,SIMULTANEOUS,AFTER,0,1,1,0.0,0.0,,0,0,"Title:
Obama gets diplomatic coup before heading to refugee-flooded Jordan

Passage:
President Barack Obama arrived in refugee-flooded Jordan on Friday after scoring a diplomatic coup just before leaving Israel when Prime Minister Benjamin Netanyahu apologized to Turkey for a 2010 commando raid that killed nine activists on a Turkish vessel in a Gaza-bound flotilla. The apology, long sought by Turkish Prime Minister Recep Erdogan, eased strained feelings between Turkey and Israel, two vital U.S. allies in the Middle East. It happened in a phone call to Erdogan during a final meeting between Obama and Netanyahu at Ben Gurion International Airport in Tel Aviv minutes before Air Force One departed for Jordan to complete the president's Middle East swing. It is the first foreign trip of his second term.

Determine the temporal relation between the following event mentions.
- happened [ei10]
- apologized [ei5]

Use one of: BEFORE, AFTER, SIMULTANEOUS, UNKNOWN.","[[""happened [ei10]"", ""apologized [ei5]"", ""SIMULTANEOUS""]]","[[""apologized [ei5]"", ""happened [ei10]"", ""BEFORE""]]",BEFORE
te3_test_CNN_20130322_314_l111,tempeval_relation,AFTER,AFTER,1,1,1,0.0,1.0,,0,0,"Title:
Obama gets diplomatic coup before heading to refugee-flooded Jordan

Passage:
President Barack Obama arrived in refugee-flooded Jordan on Friday after scoring a diplomatic coup just before leaving Israel when Prime Minister Benjamin Netanyahu apologized to Turkey for a 2010 commando raid that killed nine activists on a Turkish vessel in a Gaza-bound flotilla. The apology, long sought by Turkish Prime Minister Recep Erdogan, eased strained feelings between Turkey and Israel, two vital U.S. allies in the Middle East.

Determine the temporal relation between the following event mentions.
- eased [ei9]
- apologized [ei5]

Use one of: BEFORE, AFTER, SIMULTANEOUS, UNKNOWN.","[[""eased [ei9]"", ""apologized [ei5]"", ""AFTER""]]","[[""apologized [ei5]"", ""eased [ei9]"", ""BEFORE""]]",BEFORE
te3_test_CNN_20130322_314_l112,tempeval_relation,BEFORE,BEFORE,1,1,1,1.0,1.0,,0,0,"Title:
Obama gets diplomatic coup before heading to refugee-flooded Jordan

Passage:
President Barack Obama arrived in refugee-flooded Jordan on Friday after scoring a diplomatic coup just before leaving Israel when Prime Minister Benjamin Netanyahu apologized to Turkey for a 2010 commando raid that killed nine activists on a Turkish vessel in a Gaza-bound flotilla. The apology, long sought by Turkish Prime Minister Recep Erdogan, eased strained feelings between Turkey and Israel, two vital U.S. allies in the Middle East. It happened in a phone call to Erdogan during a final meeting between Obama and Netanyahu at Ben Gurion International Airport in Tel Aviv minutes before Air Force One departed for Jordan to complete the president's Middle East swing. It is the first foreign trip of his second term. A statement from Netanyahu's office said the apology included an offer of compensation. However, there was confusion later when the Israeli government dropped a reference in its original statement to normalized relations between the countries with a return of ambassadors.

Determine the temporal relation between the following event mentions.
- apologized [ei5]
- statement [ei100]

Use one of: BEFORE, AFTER, SIMULTANEOUS, UNKNOWN.","[[""apologized [ei5]"", ""statement [ei100]"", ""BEFORE""]]","[[""apologized [ei5]"", ""statement [ei100]"", ""BEFORE""]]",BEFORE
te3_test_CNN_20130322_314_l113,tempeval_relation,BEFORE,BEFORE,1,1,1,1.0,1.0,,0,0,"Title:
Obama gets diplomatic coup before heading to refugee-flooded Jordan

Passage:
A statement from Netanyahu's office said the apology included an offer of compensation. However, there was confusion later when the Israeli government dropped a reference in its original statement to normalized relations between the countries with a return of ambassadors.

Determine the temporal relation between the following event mentions.
- statement [ei100]
- dropped [ei18]

Use one of: BEFORE, AFTER, SIMULTANEOUS, UNKNOWN.","[[""statement [ei100]"", ""dropped [ei18]"", ""BEFORE""]]","[[""statement [ei100]"", ""dropped [ei18]"", ""BEFORE""]]",BEFORE
te3_test_WSJ_20130318_731_l3,tempeval_relation,BEFORE,BEFORE,1,1,1,1.0,1.0,,0,0,"Title:
A New Game for Microsoft's Kinect

Passage:
Microsoft Corp. broke sales records in 2010 when it released its Kinect - a movement-tracking device that enabled Xbox users to play their favorite games through gestures alone, without need of a controller.

Determine the temporal relation between the following event mentions.
- released [ei2]
- broke [ei1]

Use one of: BEFORE, AFTER, SIMULTANEOUS, UNKNOWN.","[[""released [ei2]"", ""broke [ei1]"", ""BEFORE""]]","[[""released [ei2]"", ""broke [ei1]"", ""BEFORE""]]",BEFORE
te3_test_WSJ_20130318_731_l4,tempeval_relation,AFTER,AFTER,1,1,1,0.0,1.0,,0,0,"Title:
A New Game for Microsoft's Kinect

Passage:
Microsoft Corp. broke sales records in 2010 when it released its Kinect - a movement-tracking device that enabled Xbox users to play their favorite games through gestures alone, without need of a controller.

Determine the temporal relation between the following event mentions.
- enabled [ei3]
- released [ei2]

Use one of: BEFORE, AFTER, SIMULTANEOUS, UNKNOWN.","[[""enabled [ei3]"", ""released [ei2]"", ""AFTER""]]","[[""released [ei2]"", ""enabled [ei3]"", ""BEFORE""]]",BEFORE
te3_test_WSJ_20130318_731_l8,tempeval_relation,BEFORE,UNKNOWN,0,1,1,0.0,0.0,,0,0,"Title:
A New Game for Microsoft's Kinect

Passage:
Microsoft Corp. broke sales records in 2010 when it released its Kinect - a movement-tracking device that enabled Xbox users to play their favorite games through gestures alone, without need of a controller. Now, with the help of outside developers, the software giant is hoping to move the Kinect beyond gaming.

Determine the temporal relation between the following event mentions.
- broke [ei1]
- hoping [ei7]

Use one of: BEFORE, AFTER, SIMULTANEOUS, UNKNOWN.","[[""broke [ei1]"", ""hoping [ei7]"", ""BEFORE""]]",[],UNKNOWN
te3_test_WSJ_20130318_731_l9,tempeval_relation,SIMULTANEOUS,UNKNOWN,0,0,1,0.0,0.0,,1,0,"Title:
A New Game for Microsoft's Kinect

Passage:
Now, with the help of outside developers, the software giant is hoping to move the Kinect beyond gaming.

Determine the temporal relation between the following event mentions.
- help [ei6]
- hoping [ei7]

Use one of: BEFORE, AFTER, SIMULTANEOUS, UNKNOWN.","[[""help [ei6]"", ""hoping [ei7]"", ""SIMULTANEOUS""]]",[],UNKNOWN
te3_test_WSJ_20130318_731_l10,tempeval_relation,AFTER,UNKNOWN,0,0,1,0.0,0.0,,1,0,"Title:
A New Game for Microsoft's Kinect

Passage:
Now, with the help of outside developers, the software giant is hoping to move the Kinect beyond gaming.

Determine the temporal relation between the following event mentions.
- move [ei8]
- hoping [ei7]

Use one of: BEFORE, AFTER, SIMULTANEOUS, UNKNOWN.","[[""move [ei8]"", ""hoping [ei7]"", ""AFTER""]]",[],UNKNOWN
te3_test_WSJ_20130318_731_l1001,tempeval_relation,AFTER,UNKNOWN,0,1,1,0.0,0.0,,0,0,"Title:
A New Game for Microsoft's Kinect

Passage:
Microsoft is expanding into China with a company-funded incubator program for outside developers to build products based on Kinect technology for a range of industries including health care and retail.

Determine the temporal relation between the following event mentions.
- build [ei1000]
- expanding [ei9]

Use one of: BEFORE, AFTER, SIMULTANEOUS, UNKNOWN.","[[""build [ei1000]"", ""expanding [ei9]"", ""AFTER""]]",[],UNKNOWN
te3_test_WSJ_20130318_731_l12,tempeval_relation,SIMULTANEOUS,UNKNOWN,0,1,1,0.0,0.0,,0,0,"Title:
A New Game for Microsoft's Kinect

Passage:
Now, with the help of outside developers, the software giant is hoping to move the Kinect beyond gaming. Microsoft is expanding into China with a company-funded incubator program for outside developers to build products based on Kinect technology for a range of industries including health care and retail.

Determine the temporal relation between the following event mentions.
- hoping [ei7]
- expanding [ei9]

Use one of: BEFORE, AFTER, SIMULTANEOUS, UNKNOWN.","[[""hoping [ei7]"", ""expanding [ei9]"", ""SIMULTANEOUS""]]",[],UNKNOWN
te3_test_WSJ_20130318_731_l15,tempeval_relation,AFTER,UNKNOWN,0,0,1,0.0,0.0,,1,0,"Title:
A New Game for Microsoft's Kinect

Passage:
Microsoft is expanding into China with a company-funded incubator program for outside developers to build products based on Kinect technology for a range of industries including health care and retail. In the U.S., 11 companies were selected last year for the accelerator's first three-month class in Seattle, out of nearly 500 applicants. Microsoft said it has identified three companies for the China program to run through June.

Determine the temporal relation between the following event mentions.
- expanding [ei9]
- selected [ei10]

Use one of: BEFORE, AFTER, SIMULTANEOUS, UNKNOWN.","[[""expanding [ei9]"", ""selected [ei10]"", ""AFTER""]]",[],UNKNOWN
te3_test_WSJ_20130318_731_l18,tempeval_relation,SIMULTANEOUS,BEFORE,0,1,1,0.0,0.0,,0,0,"Title:
A New Game for Microsoft's Kinect

Passage:
In the U.S., 11 companies were selected last year for the accelerator's first three-month class in Seattle, out of nearly 500 applicants. Microsoft said it has identified three companies for the China program to run through June.

Determine the temporal relation between the following event mentions.
- selected [ei10]
- identified [ei12]

Use one of: BEFORE, AFTER, SIMULTANEOUS, UNKNOWN.","[[""selected [ei10]"", ""identified [ei12]"", ""SIMULTANEOUS""]]","[[""selected [ei10]"", ""identified [ei12]"", ""BEFORE""]]",BEFORE
te3_test_WSJ_20130318_731_l19,tempeval_relation,BEFORE,AFTER,0,1,1,0.0,0.0,,0,0,"Title:
A New Game for Microsoft's Kinect

Passage:
In the U.S., 11 companies were selected last year for the accelerator's first three-month class in Seattle, out of nearly 500 applicants. Microsoft said it has identified three companies for the China program to run through June.

Determine the temporal relation between the following event mentions.
- identified [ei12]
- said [ei11]

Use one of: BEFORE, AFTER, SIMULTANEOUS, UNKNOWN.","[[""identified [ei12]"", ""said [ei11]"", ""BEFORE""]]","[[""said [ei11]"", ""identified [ei12]"", ""BEFORE""]]",BEFORE
te3_test_WSJ_20130318_731_l20,tempeval_relation,AFTER,AFTER,1,1,1,0.0,1.0,,0,0,"Title:
A New Game for Microsoft's Kinect

Passage:
In the U.S., 11 companies were selected last year for the accelerator's first three-month class in Seattle, out of nearly 500 applicants. Microsoft said it has identified three companies for the China program to run through June.

Determine the temporal relation between the following event mentions.
- run [ei13]
- said [ei11]

Use one of: BEFORE, AFTER, SIMULTANEOUS, UNKNOWN.","[[""run [ei13]"", ""said [ei11]"", ""AFTER""]]","[[""said [ei11]"", ""run [ei13]"", ""BEFORE""]]",BEFORE
te3_test_WSJ_20130318_731_l22,tempeval_relation,BEFORE,BEFORE,1,1,1,1.0,1.0,,0,0,"Title:
A New Game for Microsoft's Kinect

Passage:
In the U.S., 11 companies were selected last year for the accelerator's first three-month class in Seattle, out of nearly 500 applicants. Microsoft said it has identified three companies for the China program to run through June. The company gives each participating startup in the Seattle program $20,000 to create software that can be used with Kinect for Windows, but it is isn't asking for any ownership stakes or intellectual property rights. Microsoft also doesn't have any veto power over the ideas.

Determine the temporal relation between the following event mentions.
- said [ei11]
- gives [ei14]

Use one of: BEFORE, AFTER, SIMULTANEOUS, UNKNOWN.","[[""said [ei11]"", ""gives [ei14]"", ""BEFORE""]]","[[""said [ei11]"", ""gives [ei14]"", ""BEFORE""]]",BEFORE
te3_test_WSJ_20130318_731_l23,tempeval_relation,AFTER,AFTER,1,1,1,0.0,1.0,,0,0,"Title:
A New Game for Microsoft's Kinect

Passage:
The company gives each participating startup in the Seattle program $20,000 to create software that can be used with Kinect for Windows, but it is isn't asking for any ownership stakes or intellectual property rights. Microsoft also doesn't have any veto power over the ideas.

Determine the temporal relation between the following event mentions.
- create [ei15]
- gives [ei14]

Use one of: BEFORE, AFTER, SIMULTANEOUS, UNKNOWN.","[[""create [ei15]"", ""gives [ei14]"", ""AFTER""]]","[[""gives [ei14]"", ""create [ei15]"", ""BEFORE""]]",BEFORE
te3_test_WSJ_20130318_731_l25,tempeval_relation,BEFORE,BEFORE,1,1,1,1.0,1.0,,0,0,"Title:
A New Game for Microsoft's Kinect

Passage:
The company gives each participating startup in the Seattle program $20,000 to create software that can be used with Kinect for Windows, but it is isn't asking for any ownership stakes or intellectual property rights. Microsoft also doesn't have any veto power over the ideas.

Determine the temporal relation between the following event mentions.
- asking [ei17]
- gives [ei14]

Use one of: BEFORE, AFTER, SIMULTANEOUS, UNKNOWN.","[[""asking [ei17]"", ""gives [ei14]"", ""BEFORE""]]","[[""asking [ei17]"", ""gives [ei14]"", ""BEFORE""]]",BEFORE
te3_test_WSJ_20130318_731_l27,tempeval_relation,SIMULTANEOUS,BEFORE,0,1,1,0.0,0.0,,0,0,"Title:
A New Game for Microsoft's Kinect

Passage:
The company gives each participating startup in the Seattle program $20,000 to create software that can be used with Kinect for Windows, but it is isn't asking for any ownership stakes or intellectual property rights. Microsoft also doesn't have any veto power over the ideas.

Determine the temporal relation between the following event mentions.
- gives [ei14]
- have [ei18]

Use one of: BEFORE, AFTER, SIMULTANEOUS, UNKNOWN.","[[""gives [ei14]"", ""have [ei18]"", ""SIMULTANEOUS""]]","[[""gives [ei14]"", ""have [ei18]"", ""BEFORE""]]",BEFORE
te3_test_WSJ_20130318_731_l29,tempeval_relation,SIMULTANEOUS,UNKNOWN,0,1,1,0.0,0.0,,0,0,"Title:
A New Game for Microsoft's Kinect

Passage:
The company gives each participating startup in the Seattle program $20,000 to create software that can be used with Kinect for Windows, but it is isn't asking for any ownership stakes or intellectual property rights. Microsoft also doesn't have any veto power over the ideas. What Microsoft gets are developers around the world working on ideas that could potentially open up Kinect for Windows' technology to new markets - and convince consumers and businesses to buy the company's hardware and make use of the potential apps.

Determine the temporal relation between the following event mentions.
- have [ei18]
- gets [ei19]

Use one of: BEFORE, AFTER, SIMULTANEOUS, UNKNOWN.","[[""have [ei18]"", ""gets [ei19]"", ""SIMULTANEOUS""]]",[],UNKNOWN
te3_test_WSJ_20130318_731_l30,tempeval_relation,AFTER,AFTER,1,1,1,0.0,1.0,,0,0,"Title:
A New Game for Microsoft's Kinect

Passage:
What Microsoft gets are developers around the world working on ideas that could potentially open up Kinect for Windows' technology to new markets - and convince consumers and businesses to buy the company's hardware and make use of the potential apps.

Determine the temporal relation between the following event mentions.
- working [ei20]
- gets [ei19]

Use one of: BEFORE, AFTER, SIMULTANEOUS, UNKNOWN.","[[""working [ei20]"", ""gets [ei19]"", ""AFTER""]]","[[""gets [ei19]"", ""working [ei20]"", ""BEFORE""]]",BEFORE
te3_test_WSJ_20130318_731_l31,tempeval_relation,AFTER,AFTER,1,1,1,0.0,1.0,,0,0,"Title:
A New Game for Microsoft's Kinect

Passage:
What Microsoft gets are developers around the world working on ideas that could potentially open up Kinect for Windows' technology to new markets - and convince consumers and businesses to buy the company's hardware and make use of the potential apps.

Determine the temporal relation between the following event mentions.
- open [ei21]
- gets [ei19]

Use one of: BEFORE, AFTER, SIMULTANEOUS, UNKNOWN.","[[""open [ei21]"", ""gets [ei19]"", ""AFTER""]]","[[""gets [ei19]"", ""open [ei21]"", ""BEFORE""]]",BEFORE
te3_test_WSJ_20130318_731_l32,tempeval_relation,AFTER,BEFORE,0,1,1,0.0,0.0,,0,0,"Title:
A New Game for Microsoft's Kinect

Passage:
What Microsoft gets are developers around the world working on ideas that could potentially open up Kinect for Windows' technology to new markets - and convince consumers and businesses to buy the company's hardware and make use of the potential apps.

Determine the temporal relation between the following event mentions.
- convince [ei22]
- open [ei21]

Use one of: BEFORE, AFTER, SIMULTANEOUS, UNKNOWN.","[[""convince [ei22]"", ""open [ei21]"", ""AFTER""]]","[[""open [ei21]"", ""convince [ei22]"", ""AFTER""]]",AFTER
te3_test_WSJ_20130318_731_l33,tempeval_relation,AFTER,UNKNOWN,0,1,1,0.0,0.0,,0,0,"Title:
A New Game for Microsoft's Kinect

Passage:
What Microsoft gets are developers around the world working on ideas that could potentially open up Kinect for Windows' technology to new markets - and convince consumers and businesses to buy the company's hardware and make use of the potential apps.

Determine the temporal relation between the following event mentions.
- buy [ei23]
- convince [ei22]

Use one of: BEFORE, AFTER, SIMULTANEOUS, UNKNOWN.","[[""buy [ei23]"", ""convince [ei22]"", ""AFTER""]]",[],UNKNOWN
te3_test_WSJ_20130318_731_l35,tempeval_relation,AFTER,AFTER,1,1,1,0.0,1.0,,0,0,"Title:
A New Game for Microsoft's Kinect

Passage:
What Microsoft gets are developers around the world working on ideas that could potentially open up Kinect for Windows' technology to new markets - and convince consumers and businesses to buy the company's hardware and make use of the potential apps.

Determine the temporal relation between the following event mentions.
- use [ei25]
- buy [ei23]

Use one of: BEFORE, AFTER, SIMULTANEOUS, UNKNOWN.","[[""use [ei25]"", ""buy [ei23]"", ""AFTER""]]","[[""buy [ei23]"", ""use [ei25]"", ""BEFORE""]]",BEFORE
te3_test_WSJ_20130318_731_l37,tempeval_relation,SIMULTANEOUS,UNKNOWN,0,1,1,0.0,0.0,,0,0,"Title:
A New Game for Microsoft's Kinect

Passage:
What Microsoft gets are developers around the world working on ideas that could potentially open up Kinect for Windows' technology to new markets - and convince consumers and businesses to buy the company's hardware and make use of the potential apps. The Windows-ready Kinect sensor, which would be necessary for any business that wants to use these potential new technologies, is currently selling for $250 through Microsoft, more than twice what Microsoft charges for the gaming-only Xbox version.

Determine the temporal relation between the following event mentions.
- gets [ei19]
- $250 [ei28]

Use one of: BEFORE, AFTER, SIMULTANEOUS, UNKNOWN.","[[""gets [ei19]"", ""$250 [ei28]"", ""SIMULTANEOUS""]]",[],UNKNOWN
te3_test_WSJ_20130318_731_l38,tempeval_relation,AFTER,UNKNOWN,0,1,1,0.0,0.0,,0,0,"Title:
A New Game for Microsoft's Kinect

Passage:
The Windows-ready Kinect sensor, which would be necessary for any business that wants to use these potential new technologies, is currently selling for $250 through Microsoft, more than twice what Microsoft charges for the gaming-only Xbox version.

Determine the temporal relation between the following event mentions.
- wants [ei26]
- $250 [ei28]

Use one of: BEFORE, AFTER, SIMULTANEOUS, UNKNOWN.","[[""wants [ei26]"", ""$250 [ei28]"", ""AFTER""]]",[],UNKNOWN
te3_test_WSJ_20130321_1145_l18,tempeval_relation,SIMULTANEOUS,UNKNOWN,0,1,1,0.0,0.0,,0,0,"Title:
The Terminal Cancer Patient Who Won a Marathon

Passage:
But Iram Leon stands on the sidelines of his own race against time. Lodged in his brain is an untreatable and inoperable cancerous tumor that statistics suggest will kill him before he is 40, eight years from now. Medical science is advancing at a rate that doesn't preclude the development of a treatment, but it's not clear if it will come in time.

Determine the temporal relation between the following event mentions.
- come [ei13]
- development [ei12]

Use one of: BEFORE, AFTER, SIMULTANEOUS, UNKNOWN.","[[""come [ei13]"", ""development [ei12]"", ""SIMULTANEOUS""]]",[],UNKNOWN
te3_test_WSJ_20130321_1145_l22,tempeval_relation,SIMULTANEOUS,UNKNOWN,0,1,1,0.0,0.0,,0,0,"Title:
The Terminal Cancer Patient Who Won a Marathon

Passage:
But Iram Leon stands on the sidelines of his own race against time. Lodged in his brain is an untreatable and inoperable cancerous tumor that statistics suggest will kill him before he is 40, eight years from now. Medical science is advancing at a rate that doesn't preclude the development of a treatment, but it's not clear if it will come in time. ""No one knows what technology will be available in five years,"" said Allan Friedman, Duke University Hospital neurosurgeon in chief, who in 2011 removed as much of Leon's brain tumor as possible.

Determine the temporal relation between the following event mentions.
- advancing [ei10]
- said [ei15]

Use one of: BEFORE, AFTER, SIMULTANEOUS, UNKNOWN.","[[""advancing [ei10]"", ""said [ei15]"", ""SIMULTANEOUS""]]",[],UNKNOWN
te3_test_WSJ_20130321_1145_l23,tempeval_relation,AFTER,AFTER,1,1,1,0.0,1.0,,0,0,"Title:
The Terminal Cancer Patient Who Won a Marathon

Passage:
""No one knows what technology will be available in five years,"" said Allan Friedman, Duke University Hospital neurosurgeon in chief, who in 2011 removed as much of Leon's brain tumor as possible.

Determine the temporal relation between the following event mentions.
- available [ei14]
- said [ei15]

Use one of: BEFORE, AFTER, SIMULTANEOUS, UNKNOWN.","[[""available [ei14]"", ""said [ei15]"", ""AFTER""]]","[[""said [ei15]"", ""available [ei14]"", ""BEFORE""]]",BEFORE
te3_test_WSJ_20130321_1145_l24,tempeval_relation,BEFORE,AFTER,0,1,1,0.0,0.0,,0,0,"Title:
The Terminal Cancer Patient Who Won a Marathon

Passage:
""No one knows what technology will be available in five years,"" said Allan Friedman, Duke University Hospital neurosurgeon in chief, who in 2011 removed as much of Leon's brain tumor as possible.

Determine the temporal relation between the following event mentions.
- removed [ei16]
- said [ei15]

Use one of: BEFORE, AFTER, SIMULTANEOUS, UNKNOWN.","[[""removed [ei16]"", ""said [ei15]"", ""BEFORE""]]","[[""said [ei15]"", ""removed [ei16]"", ""BEFORE""]]",BEFORE
te3_test_WSJ_20130321_1145_l38,tempeval_relation,AFTER,AFTER,1,1,1,0.0,1.0,,0,0,"Title:
The Terminal Cancer Patient Who Won a Marathon

Passage:
The torment of enduring that wait can paste a cancer patient to the couch, a surrender heavily associated with deadlier outcomes. Some seek escape in their careers, but that is no longer an option for Leon, who early this year was forced to step down as a juvenile probation officer in Travis County, Texas, a position he had held for almost seven years. His thinking is no longer clear, said Leon, adding, ""I was making too many mistakes on the stand.""

Determine the temporal relation between the following event mentions.
- adding [ei25]
- said [ei24]

Use one of: BEFORE, AFTER, SIMULTANEOUS, UNKNOWN.","[[""adding [ei25]"", ""said [ei24]"", ""AFTER""]]","[[""said [ei24]"", ""adding [ei25]"", ""BEFORE""]]",BEFORE
te3_test_WSJ_20130321_1145_l49,tempeval_relation,AFTER,UNKNOWN,0,1,1,0.0,0.0,,0,0,"Title:
The Terminal Cancer Patient Who Won a Marathon

Passage:
But Leon can still run. Two years after his brain-cancer diagnosis, he recently ran a sub-five-minute mile for the first time since high school. What has startled the medical community even more is what Leon did this month in Beaumont, Texas. He won the Gusher Marathon, finishing in 3:07:35. That was one second slower than his personal record in the 26.2-mile event, set days before he underwent brain surgery in early 2011.

Determine the temporal relation between the following event mentions.
- startled [ei29]
- won [ei30]

Use one of: BEFORE, AFTER, SIMULTANEOUS, UNKNOWN.","[[""startled [ei29]"", ""won [ei30]"", ""AFTER""]]",[],UNKNOWN
te3_test_WSJ_20130321_1145_l50,tempeval_relation,SIMULTANEOUS,BEFORE,0,1,1,0.0,0.0,,0,0,"Title:
The Terminal Cancer Patient Who Won a Marathon

Passage:
But Leon can still run. Two years after his brain-cancer diagnosis, he recently ran a sub-five-minute mile for the first time since high school. What has startled the medical community even more is what Leon did this month in Beaumont, Texas. He won the Gusher Marathon, finishing in 3:07:35. That was one second slower than his personal record in the 26.2-mile event, set days before he underwent brain surgery in early 2011.

Determine the temporal relation between the following event mentions.
- finishing [ei31]
- won [ei30]

Use one of: BEFORE, AFTER, SIMULTANEOUS, UNKNOWN.","[[""finishing [ei31]"", ""won [ei30]"", ""SIMULTANEOUS""]]","[[""won [ei30]"", ""finishing [ei31]"", ""AFTER""]]",AFTER
te3_test_WSJ_20130321_1145_l53,tempeval_relation,AFTER,BEFORE,0,1,1,0.0,0.0,,0,0,"Title:
The Terminal Cancer Patient Who Won a Marathon

Passage:
But Leon can still run. Two years after his brain-cancer diagnosis, he recently ran a sub-five-minute mile for the first time since high school. What has startled the medical community even more is what Leon did this month in Beaumont, Texas. He won the Gusher Marathon, finishing in 3:07:35. That was one second slower than his personal record in the 26.2-mile event, set days before he underwent brain surgery in early 2011.

Determine the temporal relation between the following event mentions.
- won [ei30]
- set [ei32]

Use one of: BEFORE, AFTER, SIMULTANEOUS, UNKNOWN.","[[""won [ei30]"", ""set [ei32]"", ""AFTER""]]","[[""set [ei32]"", ""won [ei30]"", ""AFTER""]]",AFTER
te3_test_WSJ_20130321_1145_l54,tempeval_relation,AFTER,AFTER,1,1,1,0.0,1.0,,0,0,"Title:
The Terminal Cancer Patient Who Won a Marathon

Passage:
But Leon can still run. Two years after his brain-cancer diagnosis, he recently ran a sub-five-minute mile for the first time since high school. What has startled the medical community even more is what Leon did this month in Beaumont, Texas. He won the Gusher Marathon, finishing in 3:07:35. That was one second slower than his personal record in the 26.2-mile event, set days before he underwent brain surgery in early 2011.

Determine the temporal relation between the following event mentions.
- surgery [ei33]
- set [ei32]

Use one of: BEFORE, AFTER, SIMULTANEOUS, UNKNOWN.","[[""surgery [ei33]"", ""set [ei32]"", ""AFTER""]]","[[""set [ei32]"", ""surgery [ei33]"", ""BEFORE""]]",BEFORE
te3_test_WSJ_20130322_159_l3,tempeval_relation,BEFORE,AFTER,0,1,1,0.0,0.0,,0,0,"Title:
Netanyahu Apologizes to Turkey for Deadly Ship Raid

Passage:
Israeli Prime Minister Benjamin Netanyahu apologized on Friday to Turkish Prime Minister Recep Tayyip Erdogan for a raid on a Turkish flotilla ship, a move that will help restore strained ties between the countries.

Determine the temporal relation between the following event mentions.
- raid [ei2]
- apologized [ei1]

Use one of: BEFORE, AFTER, SIMULTANEOUS, UNKNOWN.","[[""raid [ei2]"", ""apologized [ei1]"", ""BEFORE""]]","[[""apologized [ei1]"", ""raid [ei2]"", ""BEFORE""]]",BEFORE
te3_test_WSJ_20130322_159_l4,tempeval_relation,AFTER,AFTER,1,1,1,0.0,1.0,,0,0,"Title:
Netanyahu Apologizes to Turkey for Deadly Ship Raid

Passage:
Israeli Prime Minister Benjamin Netanyahu apologized on Friday to Turkish Prime Minister Recep Tayyip Erdogan for a raid on a Turkish flotilla ship, a move that will help restore strained ties between the countries.

Determine the temporal relation between the following event mentions.
- help [ei3]
- apologized [ei1]

Use one of: BEFORE, AFTER, SIMULTANEOUS, UNKNOWN.","[[""help [ei3]"", ""apologized [ei1]"", ""AFTER""]]","[[""apologized [ei1]"", ""help [ei3]"", ""BEFORE""]]",BEFORE
te3_test_WSJ_20130322_159_l5,tempeval_relation,AFTER,UNKNOWN,0,0,0,0.0,0.0,0,2,1,"Title:
Netanyahu Apologizes to Turkey for Deadly Ship Raid

Passage:
Israeli Prime Minister Benjamin Netanyahu apologized on Friday to Turkish Prime Minister Recep Tayyip Erdogan for a raid on a Turkish flotilla ship, a move that will help restore strained ties between the countries.

Determine the temporal relation between the following event mentions.
- restore [ei4]
- apologized [ei1]

Use one of: BEFORE, AFTER, SIMULTANEOUS, UNKNOWN.","[[""restore [ei4]"", ""apologized [ei1]"", ""AFTER""]]","[[""apologized"", ""restore"", ""AFTER""]]",AFTER
te3_test_WSJ_20130322_159_l7,tempeval_relation,SIMULTANEOUS,UNKNOWN,0,0,0,0.0,0.0,0,2,1,"Title:
Netanyahu Apologizes to Turkey for Deadly Ship Raid

Passage:
Israeli Prime Minister Benjamin Netanyahu apologized on Friday to Turkish Prime Minister Recep Tayyip Erdogan for a raid on a Turkish flotilla ship, a move that will help restore strained ties between the countries. The call, which happened as President Barack Obama wrapped up his first presidential visit to Israel, was an unexpected outcome from a Mideast trip that seemed to yield few concrete steps.

Determine the temporal relation between the following event mentions.
- apologized [ei1]
- outcome [ei8]

Use one of: BEFORE, AFTER, SIMULTANEOUS, UNKNOWN.","[[""apologized [ei1]"", ""outcome [ei8]"", ""SIMULTANEOUS""]]","[[""apologized"", ""outcome"", ""BEFORE""]]",BEFORE
te3_test_WSJ_20130322_159_l8,tempeval_relation,SIMULTANEOUS,BEFORE,0,1,1,0.0,0.0,,0,0,"Title:
Netanyahu Apologizes to Turkey for Deadly Ship Raid

Passage:
The call, which happened as President Barack Obama wrapped up his first presidential visit to Israel, was an unexpected outcome from a Mideast trip that seemed to yield few concrete steps.

Determine the temporal relation between the following event mentions.
- happened [ei5]
- outcome [ei8]

Use one of: BEFORE, AFTER, SIMULTANEOUS, UNKNOWN.","[[""happened [ei5]"", ""outcome [ei8]"", ""SIMULTANEOUS""]]","[[""happened [ei5]"", ""outcome [ei8]"", ""BEFORE""]]",BEFORE
te3_test_WSJ_20130322_159_l12,tempeval_relation,BEFORE,UNKNOWN,0,1,1,0.0,0.0,,0,0,"Title:
Netanyahu Apologizes to Turkey for Deadly Ship Raid

Passage:
The call, which happened as President Barack Obama wrapped up his first presidential visit to Israel, was an unexpected outcome from a Mideast trip that seemed to yield few concrete steps.

Determine the temporal relation between the following event mentions.
- seemed [ei10]
- outcome [ei8]

Use one of: BEFORE, AFTER, SIMULTANEOUS, UNKNOWN.","[[""seemed [ei10]"", ""outcome [ei8]"", ""BEFORE""]]",[],UNKNOWN
te3_test_WSJ_20130322_159_l13,tempeval_relation,BEFORE,AFTER,0,1,1,0.0,0.0,,0,0,"Title:
Netanyahu Apologizes to Turkey for Deadly Ship Raid

Passage:
The call, which happened as President Barack Obama wrapped up his first presidential visit to Israel, was an unexpected outcome from a Mideast trip that seemed to yield few concrete steps.

Determine the temporal relation between the following event mentions.
- yield [ei11]
- outcome [ei8]

Use one of: BEFORE, AFTER, SIMULTANEOUS, UNKNOWN.","[[""yield [ei11]"", ""outcome [ei8]"", ""BEFORE""]]","[[""outcome [ei8]"", ""yield [ei11]"", ""BEFORE""]]",BEFORE
te3_test_WSJ_20130322_159_l15,tempeval_relation,BEFORE,AFTER,0,0,0,0.0,0.0,1,1,2,"Title:
Netanyahu Apologizes to Turkey for Deadly Ship Raid

Passage:
The call, which happened as President Barack Obama wrapped up his first presidential visit to Israel, was an unexpected outcome from a Mideast trip that seemed to yield few concrete steps. Mr. Netanyahu's office confirmed that the Israeli leader, in a conversation with Mr. Erdogan, ""agreed to restore normalization between Israel and Turkey, including the dispatch of ambassadors and the cancellation of legal steps against [Israeli Defense Forces] soldiers."" Mr. Erdogan accepted the Israeli apology, the prime minister's office said.

Determine the temporal relation between the following event mentions.
- outcome [ei8]
- confirmed [ei12]

Use one of: BEFORE, AFTER, SIMULTANEOUS, UNKNOWN.","[[""outcome [ei8]"", ""confirmed [ei12]"", ""BEFORE""]]","[[""confirmed [ei12]"", ""outcome [ei8]"", ""BEFORE""]]",BEFORE
te3_test_WSJ_20130322_159_l16,tempeval_relation,BEFORE,AFTER,0,1,1,0.0,0.0,,0,0,"Title:
Netanyahu Apologizes to Turkey for Deadly Ship Raid

Passage:
Mr. Netanyahu's office confirmed that the Israeli leader, in a conversation with Mr. Erdogan, ""agreed to restore normalization between Israel and Turkey, including the dispatch of ambassadors and the cancellation of legal steps against [Israeli Defense Forces] soldiers."" Mr. Erdogan accepted the Israeli apology, the prime minister's office said.

Determine the temporal relation between the following event mentions.
- conversation [ei13]
- confirmed [ei12]

Use one of: BEFORE, AFTER, SIMULTANEOUS, UNKNOWN.","[[""conversation [ei13]"", ""confirmed [ei12]"", ""BEFORE""]]","[[""confirmed [ei12]"", ""conversation [ei13]"", ""BEFORE""]]",BEFORE
te3_test_WSJ_20130322_159_l17,tempeval_relation,BEFORE,SIMULTANEOUS,0,1,1,0.0,0.0,,0,0,"Title:
Netanyahu Apologizes to Turkey for Deadly Ship Raid

Passage:
Mr. Netanyahu's office confirmed that the Israeli leader, in a conversation with Mr. Erdogan, ""agreed to restore normalization between Israel and Turkey, including the dispatch of ambassadors and the cancellation of legal steps against [Israeli Defense Forces] soldiers."" Mr. Erdogan accepted the Israeli apology, the prime minister's office said.

Determine the temporal relation between the following event mentions.
- agreed [ei14]
- confirmed [ei12]

Use one of: BEFORE, AFTER, SIMULTANEOUS, UNKNOWN.","[[""agreed [ei14]"", ""confirmed [ei12]"", ""BEFORE""]]","[[""agreed [ei14]"", ""confirmed [ei12]"", ""SIMULTANEOUS""]]",SIMULTANEOUS
te3_test_WSJ_20130322_159_l19,tempeval_relation,AFTER,AFTER,1,1,1,0.0,1.0,,0,0,"Title:
Netanyahu Apologizes to Turkey for Deadly Ship Raid

Passage:
Mr. Netanyahu's office confirmed that the Israeli leader, in a conversation with Mr. Erdogan, ""agreed to restore normalization between Israel and Turkey, including the dispatch of ambassadors and the cancellation of legal steps against [Israeli Defense Forces] soldiers."" Mr. Erdogan accepted the Israeli apology, the prime minister's office said.

Determine the temporal relation between the following event mentions.
- dispatch [ei16]
- confirmed [ei12]

Use one of: BEFORE, AFTER, SIMULTANEOUS, UNKNOWN.","[[""dispatch [ei16]"", ""confirmed [ei12]"", ""AFTER""]]","[[""confirmed [ei12]"", ""dispatch [ei16]"", ""BEFORE""]]",BEFORE
te3_test_WSJ_20130322_159_l20,tempeval_relation,AFTER,AFTER,1,1,1,0.0,1.0,,0,0,"Title:
Netanyahu Apologizes to Turkey for Deadly Ship Raid

Passage:
Mr. Netanyahu's office confirmed that the Israeli leader, in a conversation with Mr. Erdogan, ""agreed to restore normalization between Israel and Turkey, including the dispatch of ambassadors and the cancellation of legal steps against [Israeli Defense Forces] soldiers."" Mr. Erdogan accepted the Israeli apology, the prime minister's office said.

Determine the temporal relation between the following event mentions.
- cancellation [ei17]
- confirmed [ei12]

Use one of: BEFORE, AFTER, SIMULTANEOUS, UNKNOWN.","[[""cancellation [ei17]"", ""confirmed [ei12]"", ""AFTER""]]","[[""confirmed [ei12]"", ""cancellation [ei17]"", ""BEFORE""]]",BEFORE
te3_test_WSJ_20130322_159_l22,tempeval_relation,SIMULTANEOUS,BEFORE,0,1,1,0.0,0.0,,0,0,"Title:
Netanyahu Apologizes to Turkey for Deadly Ship Raid

Passage:
Mr. Netanyahu's office confirmed that the Israeli leader, in a conversation with Mr. Erdogan, ""agreed to restore normalization between Israel and Turkey, including the dispatch of ambassadors and the cancellation of legal steps against [Israeli Defense Forces] soldiers."" Mr. Erdogan accepted the Israeli apology, the prime minister's office said.

Determine the temporal relation between the following event mentions.
- confirmed [ei12]
- said [ei19]

Use one of: BEFORE, AFTER, SIMULTANEOUS, UNKNOWN.","[[""confirmed [ei12]"", ""said [ei19]"", ""SIMULTANEOUS""]]","[[""confirmed [ei12]"", ""said [ei19]"", ""BEFORE""]]",BEFORE
te3_test_WSJ_20130322_159_l23,tempeval_relation,BEFORE,AFTER,0,1,1,0.0,0.0,,0,0,"Title:
Netanyahu Apologizes to Turkey for Deadly Ship Raid

Passage:
Mr. Netanyahu's office confirmed that the Israeli leader, in a conversation with Mr. Erdogan, ""agreed to restore normalization between Israel and Turkey, including the dispatch of ambassadors and the cancellation of legal steps against [Israeli Defense Forces] soldiers."" Mr. Erdogan accepted the Israeli apology, the prime minister's office said.

Determine the temporal relation between the following event mentions.
- accepted [ei18]
- said [ei19]

Use one of: BEFORE, AFTER, SIMULTANEOUS, UNKNOWN.","[[""accepted [ei18]"", ""said [ei19]"", ""BEFORE""]]","[[""said [ei19]"", ""accepted [ei18]"", ""BEFORE""]]",BEFORE
te3_test_WSJ_20130322_159_l25,tempeval_relation,BEFORE,UNKNOWN,0,0,1,0.0,0.0,1,1,1,"Title:
Netanyahu Apologizes to Turkey for Deadly Ship Raid

Passage:
Israeli Prime Minister Benjamin Netanyahu apologized on Friday to Turkish Prime Minister Recep Tayyip Erdogan for a raid on a Turkish flotilla ship, a move that will help restore strained ties between the countries. The call, which happened as President Barack Obama wrapped up his first presidential visit to Israel, was an unexpected outcome from a Mideast trip that seemed to yield few concrete steps. Mr. Netanyahu's office confirmed that the Israeli leader, in a conversation with Mr. Erdogan, ""agreed to restore normalization between Israel and Turkey, including the dispatch of ambassadors and the cancellation of legal steps against [Israeli Defense Forces] soldiers."" Mr. Erdogan accepted the Israeli apology, the prime minister's office said. Mr. Erdogan has long sought an apology for the raid in May 2010 on the Mavi Marmara, which was part of a flotilla that sought to break Israel's blockade of Gaza. An Israeli raid on the ship left nine passengers dead, all of them Turkish or of Turkish descent.

Determine the temporal relation between the following event mentions.
- sought [ei20]
- apologized [ei1]

Use one of: BEFORE, AFTER, SIMULTANEOUS, UNKNOWN.","[[""sought [ei20]"", ""apologized [ei1]"", ""BEFORE""]]","[[""apologized [ei1]"", ""searched [ei20]"", ""BEFORE""]]",BEFORE
te3_test_WSJ_20130322_159_l26,tempeval_relation,AFTER,BEFORE,0,1,1,0.0,0.0,,0,0,"Title:
Netanyahu Apologizes to Turkey for Deadly Ship Raid

Passage:
Mr. Netanyahu's office confirmed that the Israeli leader, in a conversation with Mr. Erdogan, ""agreed to restore normalization between Israel and Turkey, including the dispatch of ambassadors and the cancellation of legal steps against [Israeli Defense Forces] soldiers."" Mr. Erdogan accepted the Israeli apology, the prime minister's office said. Mr. Erdogan has long sought an apology for the raid in May 2010 on the Mavi Marmara, which was part of a flotilla that sought to break Israel's blockade of Gaza. An Israeli raid on the ship left nine passengers dead, all of them Turkish or of Turkish descent.

Determine the temporal relation between the following event mentions.
- said [ei19]
- sought [ei20]

Use one of: BEFORE, AFTER, SIMULTANEOUS, UNKNOWN.","[[""said [ei19]"", ""sought [ei20]"", ""AFTER""]]","[[""said [ei19]"", ""sought [ei20]"", ""BEFORE""]]",BEFORE
te3_test_WSJ_20130322_159_l27,tempeval_relation,BEFORE,AFTER,0,1,1,0.0,0.0,,0,0,"Title:
Netanyahu Apologizes to Turkey for Deadly Ship Raid

Passage:
Mr. Erdogan has long sought an apology for the raid in May 2010 on the Mavi Marmara, which was part of a flotilla that sought to break Israel's blockade of Gaza. An Israeli raid on the ship left nine passengers dead, all of them Turkish or of Turkish descent.

Determine the temporal relation between the following event mentions.
- raid [ei21]
- sought [ei20]

Use one of: BEFORE, AFTER, SIMULTANEOUS, UNKNOWN.","[[""raid [ei21]"", ""sought [ei20]"", ""BEFORE""]]","[[""sought [ei20]"", ""raid [ei21]"", ""BEFORE""]]",BEFORE
te3_test_WSJ_20130322_159_l29,tempeval_relation,BEFORE,AFTER,0,1,1,0.0,0.0,,0,0,"Title:
Netanyahu Apologizes to Turkey for Deadly Ship Raid

Passage:
Mr. Erdogan has long sought an apology for the raid in May 2010 on the Mavi Marmara, which was part of a flotilla that sought to break Israel's blockade of Gaza. An Israeli raid on the ship left nine passengers dead, all of them Turkish or of Turkish descent.

Determine the temporal relation between the following event mentions.
- break [ei23]
- sought [ei20]

Use one of: BEFORE, AFTER, SIMULTANEOUS, UNKNOWN.","[[""break [ei23]"", ""sought [ei20]"", ""BEFORE""]]","[[""sought [ei20]"", ""break [ei23]"", ""BEFORE""]]",BEFORE
te3_test_WSJ_20130322_159_l32,tempeval_relation,AFTER,UNKNOWN,0,0,1,0.0,0.0,1,1,1,"Title:
Netanyahu Apologizes to Turkey for Deadly Ship Raid

Passage:
Mr. Erdogan has long sought an apology for the raid in May 2010 on the Mavi Marmara, which was part of a flotilla that sought to break Israel's blockade of Gaza. An Israeli raid on the ship left nine passengers dead, all of them Turkish or of Turkish descent.

Determine the temporal relation between the following event mentions.
- sought [ei20]
- left [ei26]

Use one of: BEFORE, AFTER, SIMULTANEOUS, UNKNOWN.","[[""sought [ei20]"", ""left [ei26]"", ""AFTER""]]","[[""searched [ei20]"", ""left [ei26]"", ""BEFORE""]]",BEFORE
te3_test_WSJ_20130322_159_l33,tempeval_relation,BEFORE,BEFORE,1,1,1,1.0,1.0,,0,0,"Title:
Netanyahu Apologizes to Turkey for Deadly Ship Raid

Passage:
Mr. Erdogan has long sought an apology for the raid in May 2010 on the Mavi Marmara, which was part of a flotilla that sought to break Israel's blockade of Gaza. An Israeli raid on the ship left nine passengers dead, all of them Turkish or of Turkish descent.

Determine the temporal relation between the following event mentions.
- raid [ei25]
- left [ei26]

Use one of: BEFORE, AFTER, SIMULTANEOUS, UNKNOWN.","[[""raid [ei25]"", ""left [ei26]"", ""BEFORE""]]","[[""raid [ei25]"", ""left [ei26]"", ""BEFORE""]]",BEFORE
te3_test_WSJ_20130322_159_l35,tempeval_relation,BEFORE,BEFORE,1,1,1,1.0,1.0,,0,0,"Title:
Netanyahu Apologizes to Turkey for Deadly Ship Raid

Passage:
Mr. Erdogan has long sought an apology for the raid in May 2010 on the Mavi Marmara, which was part of a flotilla that sought to break Israel's blockade of Gaza. An Israeli raid on the ship left nine passengers dead, all of them Turkish or of Turkish descent. ""In light of the Israeli investigation into the incident, which pointed out several operational errors, Prime Minister Netanyahu apologized to the Turkish people for any errors that could have led to loss of life and agreed to complete the agreement on compensation,"" the statement said.

Determine the temporal relation between the following event mentions.
- left [ei26]
- said [ei37]

Use one of: BEFORE, AFTER, SIMULTANEOUS, UNKNOWN.","[[""left [ei26]"", ""said [ei37]"", ""BEFORE""]]","[[""left [ei26]"", ""said [ei37]"", ""BEFORE""]]",BEFORE
te3_test_WSJ_20130322_159_l36,tempeval_relation,BEFORE,UNKNOWN,0,0,0,0.0,0.0,0,2,1,"Title:
Netanyahu Apologizes to Turkey for Deadly Ship Raid

Passage:
""In light of the Israeli investigation into the incident, which pointed out several operational errors, Prime Minister Netanyahu apologized to the Turkish people for any errors that could have led to loss of life and agreed to complete the agreement on compensation,"" the statement said.

Determine the temporal relation between the following event mentions.
- investigation [ei27]
- said [ei37]

Use one of: BEFORE, AFTER, SIMULTANEOUS, UNKNOWN.","[[""investigation [ei27]"", ""said [ei37]"", ""BEFORE""]]","[[""ei27"", ""ei37"", ""BEFORE""]]",BEFORE
te3_test_WSJ_20130322_159_l37,tempeval_relation,BEFORE,BEFORE,1,1,1,1.0,1.0,,0,0,"Title:
Netanyahu Apologizes to Turkey for Deadly Ship Raid

Passage:
""In light of the Israeli investigation into the incident, which pointed out several operational errors, Prime Minister Netanyahu apologized to the Turkish people for any errors that could have led to loss of life and agreed to complete the agreement on compensation,"" the statement said.

Determine the temporal relation between the following event mentions.
- incident [ei28]
- said [ei37]

Use one of: BEFORE, AFTER, SIMULTANEOUS, UNKNOWN.","[[""incident [ei28]"", ""said [ei37]"", ""BEFORE""]]","[[""incident [ei28]"", ""said [ei37]"", ""BEFORE""]]",BEFORE
te3_test_WSJ_20130322_159_l38,tempeval_relation,BEFORE,BEFORE,1,1,1,1.0,1.0,,0,0,"Title:
Netanyahu Apologizes to Turkey for Deadly Ship Raid

Passage:
""In light of the Israeli investigation into the incident, which pointed out several operational errors, Prime Minister Netanyahu apologized to the Turkish people for any errors that could have led to loss of life and agreed to complete the agreement on compensation,"" the statement said.

Determine the temporal relation between the following event mentions.
- pointed [ei29]
- said [ei37]

Use one of: BEFORE, AFTER, SIMULTANEOUS, UNKNOWN.","[[""pointed [ei29]"", ""said [ei37]"", ""BEFORE""]]","[[""pointed [ei29]"", ""said [ei37]"", ""BEFORE""]]",BEFORE
te3_test_WSJ_20130322_159_l40,tempeval_relation,BEFORE,BEFORE,1,1,1,1.0,1.0,,0,0,"Title:
Netanyahu Apologizes to Turkey for Deadly Ship Raid

Passage:
""In light of the Israeli investigation into the incident, which pointed out several operational errors, Prime Minister Netanyahu apologized to the Turkish people for any errors that could have led to loss of life and agreed to complete the agreement on compensation,"" the statement said.

Determine the temporal relation between the following event mentions.
- apologized [ei31]
- said [ei37]

Use one of: BEFORE, AFTER, SIMULTANEOUS, UNKNOWN.","[[""apologized [ei31]"", ""said [ei37]"", ""BEFORE""]]","[[""apologized [ei31]"", ""said [ei37]"", ""BEFORE""]]",BEFORE
te3_test_WSJ_20130322_159_l42,tempeval_relation,BEFORE,AFTER,0,1,1,0.0,0.0,,0,0,"Title:
Netanyahu Apologizes to Turkey for Deadly Ship Raid

Passage:
""In light of the Israeli investigation into the incident, which pointed out several operational errors, Prime Minister Netanyahu apologized to the Turkish people for any errors that could have led to loss of life and agreed to complete the agreement on compensation,"" the statement said.

Determine the temporal relation between the following event mentions.
- loss [ei33]
- said [ei37]

Use one of: BEFORE, AFTER, SIMULTANEOUS, UNKNOWN.","[[""loss [ei33]"", ""said [ei37]"", ""BEFORE""]]","[[""said [ei37]"", ""loss [ei33]"", ""BEFORE""]]",BEFORE
te3_test_WSJ_20130322_159_l43,tempeval_relation,BEFORE,AFTER,0,1,1,0.0,0.0,,0,0,"Title:
Netanyahu Apologizes to Turkey for Deadly Ship Raid

Passage:
""In light of the Israeli investigation into the incident, which pointed out several operational errors, Prime Minister Netanyahu apologized to the Turkish people for any errors that could have led to loss of life and agreed to complete the agreement on compensation,"" the statement said.

Determine the temporal relation between the following event mentions.
- agreed [ei34]
- said [ei37]

Use one of: BEFORE, AFTER, SIMULTANEOUS, UNKNOWN.","[[""agreed [ei34]"", ""said [ei37]"", ""BEFORE""]]","[[""said [ei37]"", ""agreed [ei34]"", ""BEFORE""]]",BEFORE
te3_test_WSJ_20130322_159_l44,tempeval_relation,BEFORE,AFTER,0,1,1,0.0,0.0,,0,0,"Title:
Netanyahu Apologizes to Turkey for Deadly Ship Raid

Passage:
""In light of the Israeli investigation into the incident, which pointed out several operational errors, Prime Minister Netanyahu apologized to the Turkish people for any errors that could have led to loss of life and agreed to complete the agreement on compensation,"" the statement said.

Determine the temporal relation between the following event mentions.
- complete [ei35]
- said [ei37]

Use one of: BEFORE, AFTER, SIMULTANEOUS, UNKNOWN.","[[""complete [ei35]"", ""said [ei37]"", ""BEFORE""]]","[[""said [ei37]"", ""complete [ei35]"", ""BEFORE""]]",BEFORE
te3_test_WSJ_20130322_159_l49,tempeval_relation,BEFORE,AFTER,0,1,1,0.0,0.0,,0,0,"Title:
Netanyahu Apologizes to Turkey for Deadly Ship Raid

Passage:
Mr. Netanyahu told Mr. Erdogan that what happened on board the Mavi Marmara was ""unintentional and Israel expresses regret over injuries and loss of life,"" according to the statement.

Determine the temporal relation between the following event mentions.
- happened [ei39]
- told [ei38]

Use one of: BEFORE, AFTER, SIMULTANEOUS, UNKNOWN.","[[""happened [ei39]"", ""told [ei38]"", ""BEFORE""]]","[[""told [ei38]"", ""happened [ei39]"", ""BEFORE""]]",BEFORE
te3_test_WSJ_20130322_159_l56,tempeval_relation,BEFORE,AFTER,0,1,1,0.0,0.0,,0,0,"Title:
Netanyahu Apologizes to Turkey for Deadly Ship Raid

Passage:
Mr. Obama said later at a news conference in Amman that he had spoken to both leaders over the past two years about how it was in the interests of both countries to restore normal relations.

Determine the temporal relation between the following event mentions.
- spoken [ei44]
- said [ei42]

Use one of: BEFORE, AFTER, SIMULTANEOUS, UNKNOWN.","[[""spoken [ei44]"", ""said [ei42]"", ""BEFORE""]]","[[""said [ei42]"", ""spoken [ei44]"", ""BEFORE""]]",BEFORE
te3_test_WSJ_20130322_159_l57,tempeval_relation,AFTER,AFTER,1,1,1,0.0,1.0,,0,0,"Title:
Netanyahu Apologizes to Turkey for Deadly Ship Raid

Passage:
Mr. Obama said later at a news conference in Amman that he had spoken to both leaders over the past two years about how it was in the interests of both countries to restore normal relations.

Determine the temporal relation between the following event mentions.
- restore [ei45]
- said [ei42]

Use one of: BEFORE, AFTER, SIMULTANEOUS, UNKNOWN.","[[""restore [ei45]"", ""said [ei42]"", ""AFTER""]]","[[""said [ei42]"", ""restore [ei45]"", ""BEFORE""]]",BEFORE
te3_test_WSJ_20130322_159_l59,tempeval_relation,SIMULTANEOUS,SIMULTANEOUS,1,1,1,1.0,0.0,,0,0,"Title:
Netanyahu Apologizes to Turkey for Deadly Ship Raid

Passage:
Mr. Obama said later at a news conference in Amman that he had spoken to both leaders over the past two years about how it was in the interests of both countries to restore normal relations. He said he discussed the issue with Mr. Netanyahu during his visit to Israel this week, and that they agreed the timing was good for a discussion with the Turkish leader.

Determine the temporal relation between the following event mentions.
- said [ei42]
- said [ei46]

Use one of: BEFORE, AFTER, SIMULTANEOUS, UNKNOWN.","[[""said [ei42]"", ""said [ei46]"", ""SIMULTANEOUS""]]","[[""said [ei42]"", ""said [ei46]"", ""SIMULTANEOUS""]]",SIMULTANEOUS
te3_test_WSJ_20130322_159_l60,tempeval_relation,BEFORE,SIMULTANEOUS,0,1,1,0.0,0.0,,0,0,"Title:
Netanyahu Apologizes to Turkey for Deadly Ship Raid

Passage:
He said he discussed the issue with Mr. Netanyahu during his visit to Israel this week, and that they agreed the timing was good for a discussion with the Turkish leader.

Determine the temporal relation between the following event mentions.
- discussed [ei47]
- said [ei46]

Use one of: BEFORE, AFTER, SIMULTANEOUS, UNKNOWN.","[[""discussed [ei47]"", ""said [ei46]"", ""BEFORE""]]","[[""discussed [ei47]"", ""said [ei46]"", ""SIMULTANEOUS""]]",SIMULTANEOUS
te3_test_WSJ_20130322_159_l61,tempeval_relation,BEFORE,AFTER,0,1,1,0.0,0.0,,0,0,"Title:
Netanyahu Apologizes to Turkey for Deadly Ship Raid

Passage:
He said he discussed the issue with Mr. Netanyahu during his visit to Israel this week, and that they agreed the timing was good for a discussion with the Turkish leader.

Determine the temporal relation between the following event mentions.
- visit [ei48]
- said [ei46]

Use one of: BEFORE, AFTER, SIMULTANEOUS, UNKNOWN.","[[""visit [ei48]"", ""said [ei46]"", ""BEFORE""]]","[[""said [ei46]"", ""visit [ei48]"", ""BEFORE""]]",BEFORE
te3_test_WSJ_20130322_159_l62,tempeval_relation,BEFORE,AFTER,0,1,1,0.0,0.0,,0,0,"Title:
Netanyahu Apologizes to Turkey for Deadly Ship Raid

Passage:
He said he discussed the issue with Mr. Netanyahu during his visit to Israel this week, and that they agreed the timing was good for a discussion with the Turkish leader.

Determine the temporal relation between the following event mentions.
- agreed [ei49]
- said [ei46]

Use one of: BEFORE, AFTER, SIMULTANEOUS, UNKNOWN.","[[""agreed [ei49]"", ""said [ei46]"", ""BEFORE""]]","[[""said [ei46]"", ""agreed [ei49]"", ""BEFORE""]]",BEFORE
te3_test_WSJ_20130322_159_l64,tempeval_relation,AFTER,AFTER,1,1,1,0.0,1.0,,0,0,"Title:
Netanyahu Apologizes to Turkey for Deadly Ship Raid

Passage:
He said he discussed the issue with Mr. Netanyahu during his visit to Israel this week, and that they agreed the timing was good for a discussion with the Turkish leader.

Determine the temporal relation between the following event mentions.
- discussion [ei51]
- visit [ei48]

Use one of: BEFORE, AFTER, SIMULTANEOUS, UNKNOWN.","[[""discussion [ei51]"", ""visit [ei48]"", ""AFTER""]]","[[""visit [ei48]"", ""discussion [ei51]"", ""BEFORE""]]",BEFORE
te3_test_WSJ_20130322_159_l67,tempeval_relation,SIMULTANEOUS,SIMULTANEOUS,1,1,1,1.0,0.0,,0,0,"Title:
Netanyahu Apologizes to Turkey for Deadly Ship Raid

Passage:
He said he discussed the issue with Mr. Netanyahu during his visit to Israel this week, and that they agreed the timing was good for a discussion with the Turkish leader. The incident was a subject of talks between Mr. Netanyahu and President Barack Obama during the president's trip to Israel this week, officials said.

Determine the temporal relation between the following event mentions.
- said [ei46]
- said [ei55]

Use one of: BEFORE, AFTER, SIMULTANEOUS, UNKNOWN.","[[""said [ei46]"", ""said [ei55]"", ""SIMULTANEOUS""]]","[[""said [ei46]"", ""said [ei55]"", ""SIMULTANEOUS""]]",SIMULTANEOUS
te3_test_WSJ_20130322_159_l68,tempeval_relation,BEFORE,UNKNOWN,0,0,0,0.0,0.0,0,2,1,"Title:
Netanyahu Apologizes to Turkey for Deadly Ship Raid

Passage:
The incident was a subject of talks between Mr. Netanyahu and President Barack Obama during the president's trip to Israel this week, officials said.

Determine the temporal relation between the following event mentions.
- incident [ei52]
- said [ei55]

Use one of: BEFORE, AFTER, SIMULTANEOUS, UNKNOWN.","[[""incident [ei52]"", ""said [ei55]"", ""BEFORE""]]","[[""ei52"", ""ei55"", ""BEFORE""]]",BEFORE
te3_test_WSJ_20130322_159_l69,tempeval_relation,BEFORE,BEFORE,1,1,1,1.0,1.0,,0,0,"Title:
Netanyahu Apologizes to Turkey for Deadly Ship Raid

Passage:
The incident was a subject of talks between Mr. Netanyahu and President Barack Obama during the president's trip to Israel this week, officials said.

Determine the temporal relation between the following event mentions.
- talks [ei53]
- said [ei55]

Use one of: BEFORE, AFTER, SIMULTANEOUS, UNKNOWN.","[[""talks [ei53]"", ""said [ei55]"", ""BEFORE""]]","[[""talks [ei53]"", ""said [ei55]"", ""BEFORE""]]",BEFORE
te3_test_WSJ_20130322_159_l70,tempeval_relation,SIMULTANEOUS,UNKNOWN,0,1,1,0.0,0.0,,0,0,"Title:
Netanyahu Apologizes to Turkey for Deadly Ship Raid

Passage:
""In light of the Israeli investigation into the incident, which pointed out several operational errors, Prime Minister Netanyahu apologized to the Turkish people for any errors that could have led to loss of life and agreed to complete the agreement on compensation,"" the statement said. Mr. Netanyahu told Mr. Erdogan that what happened on board the Mavi Marmara was ""unintentional and Israel expresses regret over injuries and loss of life,"" according to the statement.

Determine the temporal relation between the following event mentions.
- loss [ei33]
- loss [ei61]

Use one of: BEFORE, AFTER, SIMULTANEOUS, UNKNOWN.","[[""loss [ei33]"", ""loss [ei61]"", ""SIMULTANEOUS""]]",[],UNKNOWN
te3_test_WSJ_20130322_159_l74,tempeval_relation,SIMULTANEOUS,AFTER,0,1,1,0.0,0.0,,0,0,"Title:
Netanyahu Apologizes to Turkey for Deadly Ship Raid

Passage:
Israeli Prime Minister Benjamin Netanyahu apologized on Friday to Turkish Prime Minister Recep Tayyip Erdogan for a raid on a Turkish flotilla ship, a move that will help restore strained ties between the countries. The call, which happened as President Barack Obama wrapped up his first presidential visit to Israel, was an unexpected outcome from a Mideast trip that seemed to yield few concrete steps. Mr. Netanyahu's office confirmed that the Israeli leader, in a conversation with Mr. Erdogan, ""agreed to restore normalization between Israel and Turkey, including the dispatch of ambassadors and the cancellation of legal steps against [Israeli Defense Forces] soldiers."" Mr. Erdogan accepted the Israeli apology, the prime minister's office said. Mr. Erdogan has long sought an apology for the raid in May 2010 on the Mavi Marmara, which was part of a flotilla that sought to break Israel's blockade of Gaza. An Israeli raid on the ship left nine passengers dead, all of them Turkish or of Turkish descent. ""In light of the Israeli investigation into the incident, which pointed out several operational errors, Prime Minister Netanyahu apologized to the Turkish people for any errors that could have led to loss of life and agreed to complete the agreement on compensation,"" the statement said. Mr. Netanyahu told Mr. Erdogan that what happened on board the Mavi Marmara was ""unintentional and Israel expresses regret over injuries and loss of life,"" according to the statement. Mr. Obama said later at a news conference in Amman that he had spoken to both leaders over the past two years about how it was in the interests of both countries to restore normal relations. He said he discussed the issue with Mr. Netanyahu during his visit to Israel this week, and that they agreed the timing was good for a discussion with the Turkish leader. The incident was a subject of talks between Mr. Netanyahu and President Barack Obama during the president's trip to Israel this week, officials said.

Determine the temporal relation between the following event mentions.
- incident [ei52]
- raid [ei2]

Use one of: BEFORE, AFTER, SIMULTANEOUS, UNKNOWN.","[[""incident [ei52]"", ""raid [ei2]"", ""SIMULTANEOUS""]]","[[""raid [ei2]"", ""incident [ei52]"", ""BEFORE""]]",BEFORE
te3_test_WSJ_20130322_159_l76,tempeval_relation,AFTER,AFTER,1,1,1,0.0,1.0,,0,0,"Title:
Netanyahu Apologizes to Turkey for Deadly Ship Raid

Passage:
Israeli Prime Minister Benjamin Netanyahu apologized on Friday to Turkish Prime Minister Recep Tayyip Erdogan for a raid on a Turkish flotilla ship, a move that will help restore strained ties between the countries. The call, which happened as President Barack Obama wrapped up his first presidential visit to Israel, was an unexpected outcome from a Mideast trip that seemed to yield few concrete steps. Mr. Netanyahu's office confirmed that the Israeli leader, in a conversation with Mr. Erdogan, ""agreed to restore normalization between Israel and Turkey, including the dispatch of ambassadors and the cancellation of legal steps against [Israeli Defense Forces] soldiers."" Mr. Erdogan accepted the Israeli apology, the prime minister's office said.

Determine the temporal relation between the following event mentions.
- confirmed [ei12]
- apologized [ei1]

Use one of: BEFORE, AFTER, SIMULTANEOUS, UNKNOWN.","[[""confirmed [ei12]"", ""apologized [ei1]"", ""AFTER""]]","[[""apologized [ei1]"", ""confirmed [ei12]"", ""BEFORE""]]",BEFORE
te3_test_WSJ_20130322_159_l77,tempeval_relation,AFTER,AFTER,1,1,1,0.0,1.0,,0,0,"Title:
Netanyahu Apologizes to Turkey for Deadly Ship Raid

Passage:
The call, which happened as President Barack Obama wrapped up his first presidential visit to Israel, was an unexpected outcome from a Mideast trip that seemed to yield few concrete steps. Mr. Netanyahu's office confirmed that the Israeli leader, in a conversation with Mr. Erdogan, ""agreed to restore normalization between Israel and Turkey, including the dispatch of ambassadors and the cancellation of legal steps against [Israeli Defense Forces] soldiers."" Mr. Erdogan accepted the Israeli apology, the prime minister's office said. Mr. Erdogan has long sought an apology for the raid in May 2010 on the Mavi Marmara, which was part of a flotilla that sought to break Israel's blockade of Gaza. An Israeli raid on the ship left nine passengers dead, all of them Turkish or of Turkish descent. ""In light of the Israeli investigation into the incident, which pointed out several operational errors, Prime Minister Netanyahu apologized to the Turkish people for any errors that could have led to loss of life and agreed to complete the agreement on compensation,"" the statement said. Mr. Netanyahu told Mr. Erdogan that what happened on board the Mavi Marmara was ""unintentional and Israel expresses regret over injuries and loss of life,"" according to the statement. Mr. Obama said later at a news conference in Amman that he had spoken to both leaders over the past two years about how it was in the interests of both countries to restore normal relations.

Determine the temporal relation between the following event mentions.
- said [ei42]
- call [ei57]

Use one of: BEFORE, AFTER, SIMULTANEOUS, UNKNOWN.","[[""said [ei42]"", ""call [ei57]"", ""AFTER""]]","[[""call [ei57]"", ""said [ei42]"", ""BEFORE""]]",BEFORE
te3_test_WSJ_20130322_804_l3,tempeval_relation,AFTER,AFTER,1,1,1,0.0,1.0,,0,0,"Title:
Health Insurers Warn on Premiums

Passage:
Health insurers are privately warning brokers that premiums for many individuals and small businesses could increase sharply next year because of the health-care overhaul law, with the nation's biggest firm projecting that rates could more than double for some consumers buying their own plans.

Determine the temporal relation between the following event mentions.
- increase [ei2]
- warning [ei1]

Use one of: BEFORE, AFTER, SIMULTANEOUS, UNKNOWN.","[[""increase [ei2]"", ""warning [ei1]"", ""AFTER""]]","[[""warning [ei1]"", ""increase [ei2]"", ""BEFORE""]]",BEFORE
te3_test_WSJ_20130322_804_l4,tempeval_relation,AFTER,UNKNOWN,0,0,1,0.0,0.0,1,1,1,"Title:
Health Insurers Warn on Premiums

Passage:
Health insurers are privately warning brokers that premiums for many individuals and small businesses could increase sharply next year because of the health-care overhaul law, with the nation's biggest firm projecting that rates could more than double for some consumers buying their own plans.

Determine the temporal relation between the following event mentions.
- double [ei3]
- warning [ei1]

Use one of: BEFORE, AFTER, SIMULTANEOUS, UNKNOWN.","[[""double [ei3]"", ""warning [ei1]"", ""AFTER""]]","[[""warning"", ""double"", ""BEFORE""]]",BEFORE
te3_test_WSJ_20130322_804_l8,tempeval_relation,AFTER,BEFORE,0,1,1,0.0,0.0,,0,0,"Title:
Health Insurers Warn on Premiums

Passage:
Health insurers are privately warning brokers that premiums for many individuals and small businesses could increase sharply next year because of the health-care overhaul law, with the nation's biggest firm projecting that rates could more than double for some consumers buying their own plans. The projections, made in sessions with brokers and agents, provide some of the most concrete evidence yet of how much insurance companies might increase prices when major provisions of the law kick in next year - a subject of rigorous debate.

Determine the temporal relation between the following event mentions.
- warning [ei1]
- sessions [ei5]

Use one of: BEFORE, AFTER, SIMULTANEOUS, UNKNOWN.","[[""warning [ei1]"", ""sessions [ei5]"", ""AFTER""]]","[[""warning [ei1]"", ""sessions [ei5]"", ""BEFORE""]]",BEFORE
te3_test_WSJ_20130322_804_l9,tempeval_relation,AFTER,AFTER,1,1,1,0.0,1.0,,0,0,"Title:
Health Insurers Warn on Premiums

Passage:
The projections, made in sessions with brokers and agents, provide some of the most concrete evidence yet of how much insurance companies might increase prices when major provisions of the law kick in next year - a subject of rigorous debate.

Determine the temporal relation between the following event mentions.
- increase [ei6]
- sessions [ei5]

Use one of: BEFORE, AFTER, SIMULTANEOUS, UNKNOWN.","[[""increase [ei6]"", ""sessions [ei5]"", ""AFTER""]]","[[""sessions [ei5]"", ""increase [ei6]"", ""BEFORE""]]",BEFORE
te3_test_WSJ_20130322_804_l10,tempeval_relation,AFTER,AFTER,1,1,1,0.0,1.0,,0,0,"Title:
Health Insurers Warn on Premiums

Passage:
The projections, made in sessions with brokers and agents, provide some of the most concrete evidence yet of how much insurance companies might increase prices when major provisions of the law kick in next year - a subject of rigorous debate.

Determine the temporal relation between the following event mentions.
- kick [ei7]
- sessions [ei5]

Use one of: BEFORE, AFTER, SIMULTANEOUS, UNKNOWN.","[[""kick [ei7]"", ""sessions [ei5]"", ""AFTER""]]","[[""sessions [ei5]"", ""kick [ei7]"", ""BEFORE""]]",BEFORE
te3_test_WSJ_20130322_804_l13,tempeval_relation,BEFORE,UNKNOWN,0,0,0,0.0,0.0,0,2,1,"Title:
Health Insurers Warn on Premiums

Passage:
The projections, made in sessions with brokers and agents, provide some of the most concrete evidence yet of how much insurance companies might increase prices when major provisions of the law kick in next year - a subject of rigorous debate. The projected increases are at odds with what the Obama Administration says consumers should be expecting overall in terms of cost. The Department of Health and Human Services says that the law will ""make health-care coverage more affordable and accessible,"" pointing to a 2009 analysis by the Congressional Budget Office that says average individual premiums, on an apples-to-apples basis, would be lower.

Determine the temporal relation between the following event mentions.
- sessions [ei5]
- increases [ei8]

Use one of: BEFORE, AFTER, SIMULTANEOUS, UNKNOWN.","[[""sessions [ei5]"", ""increases [ei8]"", ""BEFORE""]]","[[""sessions"", ""increases"", ""BEFORE""]]",BEFORE
te3_test_WSJ_20130322_804_l14,tempeval_relation,BEFORE,UNKNOWN,0,1,1,0.0,0.0,,0,0,"Title:
Health Insurers Warn on Premiums

Passage:
The projected increases are at odds with what the Obama Administration says consumers should be expecting overall in terms of cost. The Department of Health and Human Services says that the law will ""make health-care coverage more affordable and accessible,"" pointing to a 2009 analysis by the Congressional Budget Office that says average individual premiums, on an apples-to-apples basis, would be lower.

Determine the temporal relation between the following event mentions.
- says [ei9]
- increases [ei8]

Use one of: BEFORE, AFTER, SIMULTANEOUS, UNKNOWN.","[[""says [ei9]"", ""increases [ei8]"", ""BEFORE""]]",[],UNKNOWN
te3_test_WSJ_20130322_804_l15,tempeval_relation,BEFORE,UNKNOWN,0,1,1,0.0,0.0,,0,0,"Title:
Health Insurers Warn on Premiums

Passage:
The projected increases are at odds with what the Obama Administration says consumers should be expecting overall in terms of cost. The Department of Health and Human Services says that the law will ""make health-care coverage more affordable and accessible,"" pointing to a 2009 analysis by the Congressional Budget Office that says average individual premiums, on an apples-to-apples basis, would be lower.

Determine the temporal relation between the following event mentions.
- expecting [ei10]
- increases [ei8]

Use one of: BEFORE, AFTER, SIMULTANEOUS, UNKNOWN.","[[""expecting [ei10]"", ""increases [ei8]"", ""BEFORE""]]",[],UNKNOWN
te3_test_WSJ_20130322_804_l18,tempeval_relation,AFTER,UNKNOWN,0,1,1,0.0,0.0,,0,0,"Title:
Health Insurers Warn on Premiums

Passage:
The projected increases are at odds with what the Obama Administration says consumers should be expecting overall in terms of cost. The Department of Health and Human Services says that the law will ""make health-care coverage more affordable and accessible,"" pointing to a 2009 analysis by the Congressional Budget Office that says average individual premiums, on an apples-to-apples basis, would be lower.

Determine the temporal relation between the following event mentions.
- increases [ei8]
- says [ei11]

Use one of: BEFORE, AFTER, SIMULTANEOUS, UNKNOWN.","[[""increases [ei8]"", ""says [ei11]"", ""AFTER""]]",[],UNKNOWN
te3_test_WSJ_20130322_804_l19,tempeval_relation,AFTER,UNKNOWN,0,1,1,0.0,0.0,,0,0,"Title:
Health Insurers Warn on Premiums

Passage:
The projected increases are at odds with what the Obama Administration says consumers should be expecting overall in terms of cost. The Department of Health and Human Services says that the law will ""make health-care coverage more affordable and accessible,"" pointing to a 2009 analysis by the Congressional Budget Office that says average individual premiums, on an apples-to-apples basis, would be lower.

Determine the temporal relation between the following event mentions.
- make [ei12]
- says [ei11]

Use one of: BEFORE, AFTER, SIMULTANEOUS, UNKNOWN.","[[""make [ei12]"", ""says [ei11]"", ""AFTER""]]",[],UNKNOWN
te3_test_WSJ_20130322_804_l32,tempeval_relation,AFTER,UNKNOWN,0,1,1,0.0,0.0,,0,0,"Title:
Health Insurers Warn on Premiums

Passage:
Part of the murkiness stems from the role of government subsidies. Federal subsidies under the health law will help lower-income consumers defray costs, but they are generally not included in insurers' premium projections. Many consumers will be getting more generous plans because of new requirements in the law. The effects of the law will vary widely, and insurers and other analysts agree that some consumers and small businesses will likely see premiums go down.

Determine the temporal relation between the following event mentions.
- defray [ei20]
- help [ei19]

Use one of: BEFORE, AFTER, SIMULTANEOUS, UNKNOWN.","[[""defray [ei20]"", ""help [ei19]"", ""AFTER""]]",[],UNKNOWN
te3_test_WSJ_20130322_804_l37,tempeval_relation,AFTER,UNKNOWN,0,1,1,0.0,0.0,,0,0,"Title:
Health Insurers Warn on Premiums

Passage:
Part of the murkiness stems from the role of government subsidies. Federal subsidies under the health law will help lower-income consumers defray costs, but they are generally not included in insurers' premium projections. Many consumers will be getting more generous plans because of new requirements in the law. The effects of the law will vary widely, and insurers and other analysts agree that some consumers and small businesses will likely see premiums go down.

Determine the temporal relation between the following event mentions.
- vary [ei22]
- agree [ei23]

Use one of: BEFORE, AFTER, SIMULTANEOUS, UNKNOWN.","[[""vary [ei22]"", ""agree [ei23]"", ""AFTER""]]",[],UNKNOWN
te3_test_WSJ_20130322_804_l38,tempeval_relation,AFTER,UNKNOWN,0,1,1,0.0,0.0,,0,0,"Title:
Health Insurers Warn on Premiums

Passage:
Part of the murkiness stems from the role of government subsidies. Federal subsidies under the health law will help lower-income consumers defray costs, but they are generally not included in insurers' premium projections. Many consumers will be getting more generous plans because of new requirements in the law. The effects of the law will vary widely, and insurers and other analysts agree that some consumers and small businesses will likely see premiums go down.

Determine the temporal relation between the following event mentions.
- down [ei24]
- agree [ei23]

Use one of: BEFORE, AFTER, SIMULTANEOUS, UNKNOWN.","[[""down [ei24]"", ""agree [ei23]"", ""AFTER""]]",[],UNKNOWN
te3_test_WSJ_20130322_804_l41,tempeval_relation,BEFORE,UNKNOWN,0,1,1,0.0,0.0,,0,0,"Title:
Health Insurers Warn on Premiums

Passage:
Part of the murkiness stems from the role of government subsidies. Federal subsidies under the health law will help lower-income consumers defray costs, but they are generally not included in insurers' premium projections. Many consumers will be getting more generous plans because of new requirements in the law. The effects of the law will vary widely, and insurers and other analysts agree that some consumers and small businesses will likely see premiums go down. Starting next year, the law will block insurers from refusing to sell coverage or setting premiums based on people's health histories, and will reduce their ability to set rates based on age. That can raise coverage prices for younger, healthier consumers, while reining them in for older, sicker ones. The rules can also affect small businesses, which sometimes pay premiums tied to employees' health status and claims history.

Determine the temporal relation between the following event mentions.
- agree [ei23]
- Starting [ei25]

Use one of: BEFORE, AFTER, SIMULTANEOUS, UNKNOWN.","[[""agree [ei23]"", ""Starting [ei25]"", ""BEFORE""]]",[],UNKNOWN
te3_test_WSJ_20130322_804_l43,tempeval_relation,AFTER,AFTER,1,1,1,0.0,1.0,,0,0,"Title:
Health Insurers Warn on Premiums

Passage:
Starting next year, the law will block insurers from refusing to sell coverage or setting premiums based on people's health histories, and will reduce their ability to set rates based on age. That can raise coverage prices for younger, healthier consumers, while reining them in for older, sicker ones. The rules can also affect small businesses, which sometimes pay premiums tied to employees' health status and claims history.

Determine the temporal relation between the following event mentions.
- refusing [ei27]
- Starting [ei25]

Use one of: BEFORE, AFTER, SIMULTANEOUS, UNKNOWN.","[[""refusing [ei27]"", ""Starting [ei25]"", ""AFTER""]]","[[""Starting [ei25]"", ""refusing [ei27]"", ""BEFORE""]]",BEFORE
te3_test_WSJ_20130322_804_l44,tempeval_relation,AFTER,AFTER,1,1,1,0.0,1.0,,0,0,"Title:
Health Insurers Warn on Premiums

Passage:
Starting next year, the law will block insurers from refusing to sell coverage or setting premiums based on people's health histories, and will reduce their ability to set rates based on age. That can raise coverage prices for younger, healthier consumers, while reining them in for older, sicker ones. The rules can also affect small businesses, which sometimes pay premiums tied to employees' health status and claims history.

Determine the temporal relation between the following event mentions.
- sell [ei28]
- Starting [ei25]

Use one of: BEFORE, AFTER, SIMULTANEOUS, UNKNOWN.","[[""sell [ei28]"", ""Starting [ei25]"", ""AFTER""]]","[[""Starting [ei25]"", ""sell [ei28]"", ""BEFORE""]]",BEFORE
te3_test_WSJ_20130322_804_l45,tempeval_relation,AFTER,AFTER,1,1,1,0.0,1.0,,0,0,"Title:
Health Insurers Warn on Premiums

Passage:
Starting next year, the law will block insurers from refusing to sell coverage or setting premiums based on people's health histories, and will reduce their ability to set rates based on age. That can raise coverage prices for younger, healthier consumers, while reining them in for older, sicker ones. The rules can also affect small businesses, which sometimes pay premiums tied to employees' health status and claims history.

Determine the temporal relation between the following event mentions.
- setting [ei29]
- Starting [ei25]

Use one of: BEFORE, AFTER, SIMULTANEOUS, UNKNOWN.","[[""setting [ei29]"", ""Starting [ei25]"", ""AFTER""]]","[[""Starting [ei25]"", ""setting [ei29]"", ""BEFORE""]]",BEFORE
te3_test_WSJ_20130322_804_l46,tempeval_relation,AFTER,AFTER,1,1,1,0.0,1.0,,0,0,"Title:
Health Insurers Warn on Premiums

Passage:
Starting next year, the law will block insurers from refusing to sell coverage or setting premiums based on people's health histories, and will reduce their ability to set rates based on age. That can raise coverage prices for younger, healthier consumers, while reining them in for older, sicker ones. The rules can also affect small businesses, which sometimes pay premiums tied to employees' health status and claims history.

Determine the temporal relation between the following event mentions.
- reduce [ei30]
- Starting [ei25]

Use one of: BEFORE, AFTER, SIMULTANEOUS, UNKNOWN.","[[""reduce [ei30]"", ""Starting [ei25]"", ""AFTER""]]","[[""Starting [ei25]"", ""reduce [ei30]"", ""BEFORE""]]",BEFORE
te3_test_WSJ_20130322_804_l52,tempeval_relation,AFTER,UNKNOWN,0,1,1,0.0,0.0,,0,0,"Title:
Health Insurers Warn on Premiums

Passage:
The projected increases are at odds with what the Obama Administration says consumers should be expecting overall in terms of cost. The Department of Health and Human Services says that the law will ""make health-care coverage more affordable and accessible,"" pointing to a 2009 analysis by the Congressional Budget Office that says average individual premiums, on an apples-to-apples basis, would be lower.

Determine the temporal relation between the following event mentions.
- make [ei12]
- affordable [ei2000]

Use one of: BEFORE, AFTER, SIMULTANEOUS, UNKNOWN.","[[""make [ei12]"", ""affordable [ei2000]"", ""AFTER""]]",[],UNKNOWN
te3_test_WSJ_20130322_804_l53,tempeval_relation,AFTER,UNKNOWN,0,1,1,0.0,0.0,,0,0,"Title:
Health Insurers Warn on Premiums

Passage:
The projected increases are at odds with what the Obama Administration says consumers should be expecting overall in terms of cost. The Department of Health and Human Services says that the law will ""make health-care coverage more affordable and accessible,"" pointing to a 2009 analysis by the Congressional Budget Office that says average individual premiums, on an apples-to-apples basis, would be lower.

Determine the temporal relation between the following event mentions.
- make [ei12]
- accessible [ei2001]

Use one of: BEFORE, AFTER, SIMULTANEOUS, UNKNOWN.","[[""make [ei12]"", ""accessible [ei2001]"", ""AFTER""]]",[],UNKNOWN
te3_test_WSJ_20130322_804_l57,tempeval_relation,SIMULTANEOUS,UNKNOWN,0,1,1,0.0,0.0,,0,0,"Title:
Health Insurers Warn on Premiums

Passage:
Starting next year, the law will block insurers from refusing to sell coverage or setting premiums based on people's health histories, and will reduce their ability to set rates based on age. That can raise coverage prices for younger, healthier consumers, while reining them in for older, sicker ones. The rules can also affect small businesses, which sometimes pay premiums tied to employees' health status and claims history.

Determine the temporal relation between the following event mentions.
- raise [ei32]
- reining [ei33]

Use one of: BEFORE, AFTER, SIMULTANEOUS, UNKNOWN.","[[""raise [ei32]"", ""reining [ei33]"", ""SIMULTANEOUS""]]",[],UNKNOWN
te3_test_WSJ_20130322_804_l58,tempeval_relation,AFTER,BEFORE,0,1,1,0.0,0.0,,0,0,"Title:
Health Insurers Warn on Premiums

Passage:
Health insurers are privately warning brokers that premiums for many individuals and small businesses could increase sharply next year because of the health-care overhaul law, with the nation's biggest firm projecting that rates could more than double for some consumers buying their own plans. The projections, made in sessions with brokers and agents, provide some of the most concrete evidence yet of how much insurance companies might increase prices when major provisions of the law kick in next year - a subject of rigorous debate.

Determine the temporal relation between the following event mentions.
- projecting [ei2002]
- sessions [ei5]

Use one of: BEFORE, AFTER, SIMULTANEOUS, UNKNOWN.","[[""projecting [ei2002]"", ""sessions [ei5]"", ""AFTER""]]","[[""projecting [ei2002]"", ""sessions [ei5]"", ""BEFORE""]]",BEFORE
te3_test_bbc_20130322_1150_l3,tempeval_relation,BEFORE,BEFORE,1,1,1,1.0,1.0,,0,0,"Title:
Last 1953 Everest team member George Lowe dies, aged 89

Passage:
The last surviving member of the team which first conquered Everest in 1953 has died in a Derbyshire nursing home.

Determine the temporal relation between the following event mentions.
- conquered [ei1]
- died [ei2]

Use one of: BEFORE, AFTER, SIMULTANEOUS, UNKNOWN.","[[""conquered [ei1]"", ""died [ei2]"", ""BEFORE""]]","[[""conquered [ei1]"", ""died [ei2]"", ""BEFORE""]]",BEFORE
te3_test_bbc_20130322_1150_l6,tempeval_relation,SIMULTANEOUS,BEFORE,0,1,1,0.0,0.0,,0,0,"Title:
Last 1953 Everest team member George Lowe dies, aged 89

Passage:
The last surviving member of the team which first conquered Everest in 1953 has died in a Derbyshire nursing home. George Lowe, 89, died in Ripley on Wednesday after a long-term illness, with his wife Mary by his side.

Determine the temporal relation between the following event mentions.
- died [ei2]
- died [ei3]

Use one of: BEFORE, AFTER, SIMULTANEOUS, UNKNOWN.","[[""died [ei2]"", ""died [ei3]"", ""SIMULTANEOUS""]]","[[""died [ei2]"", ""died [ei3]"", ""BEFORE""]]",BEFORE
te3_test_bbc_20130322_1150_l9,tempeval_relation,AFTER,UNKNOWN,0,1,1,0.0,0.0,,0,0,"Title:
Last 1953 Everest team member George Lowe dies, aged 89

Passage:
George Lowe, 89, died in Ripley on Wednesday after a long-term illness, with his wife Mary by his side. New Zealand-born Mr Lowe was part of the team that helped Sir Edmund Hillary and Tenzing Norgay to the summit in 1953.

Determine the temporal relation between the following event mentions.
- died [ei3]
- helped [ei4]

Use one of: BEFORE, AFTER, SIMULTANEOUS, UNKNOWN.","[[""died [ei3]"", ""helped [ei4]"", ""AFTER""]]",[],UNKNOWN
te3_test_bbc_20130322_1150_l12,tempeval_relation,BEFORE,UNKNOWN,0,1,1,0.0,0.0,,0,0,"Title:
Last 1953 Everest team member George Lowe dies, aged 89

Passage:
New Zealand-born Mr Lowe was part of the team that helped Sir Edmund Hillary and Tenzing Norgay to the summit in 1953. Family friend and historian Dr Huw Lewis-Jones paid tribute to a ""gentle soul and fine climber"" who shunned the limelight.

Determine the temporal relation between the following event mentions.
- helped [ei4]
- paid [ei6]

Use one of: BEFORE, AFTER, SIMULTANEOUS, UNKNOWN.","[[""helped [ei4]"", ""paid [ei6]"", ""BEFORE""]]",[],UNKNOWN
te3_test_bbc_20130322_1150_l13,tempeval_relation,BEFORE,UNKNOWN,0,1,1,0.0,0.0,,0,0,"Title:
Last 1953 Everest team member George Lowe dies, aged 89

Passage:
Family friend and historian Dr Huw Lewis-Jones paid tribute to a ""gentle soul and fine climber"" who shunned the limelight.

Determine the temporal relation between the following event mentions.
- shunned [ei7]
- paid [ei6]

Use one of: BEFORE, AFTER, SIMULTANEOUS, UNKNOWN.","[[""shunned [ei7]"", ""paid [ei6]"", ""BEFORE""]]",[],UNKNOWN
te3_test_bbc_20130322_1150_l15,tempeval_relation,AFTER,UNKNOWN,0,1,1,0.0,0.0,,0,0,"Title:
Last 1953 Everest team member George Lowe dies, aged 89

Passage:
Family friend and historian Dr Huw Lewis-Jones paid tribute to a ""gentle soul and fine climber"" who shunned the limelight. Mr Lowe also took part in the trans-Antarctic expedition of 1957-58, which made the first successful overland crossing of Antarctica via the South Pole.

Determine the temporal relation between the following event mentions.
- paid [ei6]
- took [ei8]

Use one of: BEFORE, AFTER, SIMULTANEOUS, UNKNOWN.","[[""paid [ei6]"", ""took [ei8]"", ""AFTER""]]",[],UNKNOWN
te3_test_bbc_20130322_1150_l16,tempeval_relation,SIMULTANEOUS,AFTER,0,1,1,0.0,0.0,,0,0,"Title:
Last 1953 Everest team member George Lowe dies, aged 89

Passage:
Mr Lowe also took part in the trans-Antarctic expedition of 1957-58, which made the first successful overland crossing of Antarctica via the South Pole.

Determine the temporal relation between the following event mentions.
- expedition [ei9]
- took [ei8]

Use one of: BEFORE, AFTER, SIMULTANEOUS, UNKNOWN.","[[""expedition [ei9]"", ""took [ei8]"", ""SIMULTANEOUS""]]","[[""took [ei8]"", ""expedition [ei9]"", ""BEFORE""]]",BEFORE
te3_test_bbc_20130322_1150_l17,tempeval_relation,SIMULTANEOUS,UNKNOWN,0,0,0,0.0,0.0,0,2,1,"Title:
Last 1953 Everest team member George Lowe dies, aged 89

Passage:
Mr Lowe also took part in the trans-Antarctic expedition of 1957-58, which made the first successful overland crossing of Antarctica via the South Pole.

Determine the temporal relation between the following event mentions.
- made [ei10]
- took [ei8]

Use one of: BEFORE, AFTER, SIMULTANEOUS, UNKNOWN.","[[""made [ei10]"", ""took [ei8]"", ""SIMULTANEOUS""]]","[[""took"", ""made"", ""BEFORE""]]",BEFORE
te3_test_bbc_20130322_1150_l18,tempeval_relation,SIMULTANEOUS,AFTER,0,1,1,0.0,0.0,,0,0,"Title:
Last 1953 Everest team member George Lowe dies, aged 89

Passage:
Mr Lowe also took part in the trans-Antarctic expedition of 1957-58, which made the first successful overland crossing of Antarctica via the South Pole.

Determine the temporal relation between the following event mentions.
- crossing [ei11]
- took [ei8]

Use one of: BEFORE, AFTER, SIMULTANEOUS, UNKNOWN.","[[""crossing [ei11]"", ""took [ei8]"", ""SIMULTANEOUS""]]","[[""took [ei8]"", ""crossing [ei11]"", ""BEFORE""]]",BEFORE
te3_test_bbc_20130322_1150_l20,tempeval_relation,BEFORE,UNKNOWN,0,1,1,0.0,0.0,,0,0,"Title:
Last 1953 Everest team member George Lowe dies, aged 89

Passage:
Mr Lowe also took part in the trans-Antarctic expedition of 1957-58, which made the first successful overland crossing of Antarctica via the South Pole. He later made expeditions to Greenland, Greece and Ethiopia.

Determine the temporal relation between the following event mentions.
- took [ei8]
- made [ei12]

Use one of: BEFORE, AFTER, SIMULTANEOUS, UNKNOWN.","[[""took [ei8]"", ""made [ei12]"", ""BEFORE""]]",[],UNKNOWN
te3_test_bbc_20130322_1150_l21,tempeval_relation,SIMULTANEOUS,AFTER,0,1,1,0.0,0.0,,0,0,"Title:
Last 1953 Everest team member George Lowe dies, aged 89

Passage:
He later made expeditions to Greenland, Greece and Ethiopia.

Determine the temporal relation between the following event mentions.
- expeditions [ei13]
- made [ei12]

Use one of: BEFORE, AFTER, SIMULTANEOUS, UNKNOWN.","[[""expeditions [ei13]"", ""made [ei12]"", ""SIMULTANEOUS""]]","[[""made [ei12]"", ""expeditions [ei13]"", ""BEFORE""]]",BEFORE
te3_test_bbc_20130322_1150_l27,tempeval_relation,BEFORE,BEFORE,1,1,1,1.0,1.0,,0,0,"Title:
Last 1953 Everest team member George Lowe dies, aged 89

Passage:
He later made expeditions to Greenland, Greece and Ethiopia. Speaking to the BBC in 1995, Mr Lowe said of his Antarctic adventure: ""We estimated we could do it in 100 days, and we got across on the 99th day.

Determine the temporal relation between the following event mentions.
- made [ei12]
- said [ei14]

Use one of: BEFORE, AFTER, SIMULTANEOUS, UNKNOWN.","[[""made [ei12]"", ""said [ei14]"", ""BEFORE""]]","[[""made [ei12]"", ""said [ei14]"", ""BEFORE""]]",BEFORE
te3_test_bbc_20130322_1150_l28,tempeval_relation,BEFORE,BEFORE,1,1,1,1.0,1.0,,0,0,"Title:
Last 1953 Everest team member George Lowe dies, aged 89

Passage:
Speaking to the BBC in 1995, Mr Lowe said of his Antarctic adventure: ""We estimated we could do it in 100 days, and we got across on the 99th day.

Determine the temporal relation between the following event mentions.
- estimated [ei15]
- said [ei14]

Use one of: BEFORE, AFTER, SIMULTANEOUS, UNKNOWN.","[[""estimated [ei15]"", ""said [ei14]"", ""BEFORE""]]","[[""estimated [ei15]"", ""said [ei14]"", ""BEFORE""]]",BEFORE
te3_test_bbc_20130322_1150_l29,tempeval_relation,BEFORE,AFTER,0,1,1,0.0,0.0,,0,0,"Title:
Last 1953 Everest team member George Lowe dies, aged 89

Passage:
Speaking to the BBC in 1995, Mr Lowe said of his Antarctic adventure: ""We estimated we could do it in 100 days, and we got across on the 99th day.

Determine the temporal relation between the following event mentions.
- do [ei16]
- said [ei14]

Use one of: BEFORE, AFTER, SIMULTANEOUS, UNKNOWN.","[[""do [ei16]"", ""said [ei14]"", ""BEFORE""]]","[[""said [ei14]"", ""do [ei16]"", ""BEFORE""]]",BEFORE
te3_test_bbc_20130322_1150_l30,tempeval_relation,BEFORE,AFTER,0,1,1,0.0,0.0,,0,0,"Title:
Last 1953 Everest team member George Lowe dies, aged 89

Passage:
Speaking to the BBC in 1995, Mr Lowe said of his Antarctic adventure: ""We estimated we could do it in 100 days, and we got across on the 99th day.

Determine the temporal relation between the following event mentions.
- got [ei17]
- said [ei14]

Use one of: BEFORE, AFTER, SIMULTANEOUS, UNKNOWN.","[[""got [ei17]"", ""said [ei14]"", ""BEFORE""]]","[[""said [ei14]"", ""got [ei17]"", ""BEFORE""]]",BEFORE
te3_test_bbc_20130322_1150_l32,tempeval_relation,AFTER,BEFORE,0,1,1,0.0,0.0,,0,0,"Title:
Last 1953 Everest team member George Lowe dies, aged 89

Passage:
Speaking to the BBC in 1995, Mr Lowe said of his Antarctic adventure: ""We estimated we could do it in 100 days, and we got across on the 99th day. ""There was a great feeling of euphoria from everyone. It had a multiplying effect.

Determine the temporal relation between the following event mentions.
- said [ei14]
- had [ei18]

Use one of: BEFORE, AFTER, SIMULTANEOUS, UNKNOWN.","[[""said [ei14]"", ""had [ei18]"", ""AFTER""]]","[[""said [ei14]"", ""had [ei18]"", ""BEFORE""]]",BEFORE
te3_test_bbc_20130322_1150_l35,tempeval_relation,SIMULTANEOUS,UNKNOWN,0,1,1,0.0,0.0,,0,0,"Title:
Last 1953 Everest team member George Lowe dies, aged 89

Passage:
""We were pleased that England and New Zealand knew about it, and we thought that's where it would stop.""

Determine the temporal relation between the following event mentions.
- pleased [ei19]
- thought [ei21]

Use one of: BEFORE, AFTER, SIMULTANEOUS, UNKNOWN.","[[""pleased [ei19]"", ""thought [ei21]"", ""SIMULTANEOUS""]]",[],UNKNOWN
te3_test_bbc_20130322_1150_l36,tempeval_relation,SIMULTANEOUS,UNKNOWN,0,1,1,0.0,0.0,,0,0,"Title:
Last 1953 Everest team member George Lowe dies, aged 89

Passage:
""We were pleased that England and New Zealand knew about it, and we thought that's where it would stop.""

Determine the temporal relation between the following event mentions.
- knew [ei20]
- thought [ei21]

Use one of: BEFORE, AFTER, SIMULTANEOUS, UNKNOWN.","[[""knew [ei20]"", ""thought [ei21]"", ""SIMULTANEOUS""]]",[],UNKNOWN
te3_test_bbc_20130322_1150_l37,tempeval_relation,AFTER,UNKNOWN,0,1,1,0.0,0.0,,0,0,"Title:
Last 1953 Everest team member George Lowe dies, aged 89

Passage:
""We were pleased that England and New Zealand knew about it, and we thought that's where it would stop.""

Determine the temporal relation between the following event mentions.
- stop [ei22]
- thought [ei21]

Use one of: BEFORE, AFTER, SIMULTANEOUS, UNKNOWN.","[[""stop [ei22]"", ""thought [ei21]"", ""AFTER""]]",[],UNKNOWN
te3_test_bbc_20130322_1150_l39,tempeval_relation,BEFORE,UNKNOWN,0,1,1,0.0,0.0,,0,0,"Title:
Last 1953 Everest team member George Lowe dies, aged 89

Passage:
""We were pleased that England and New Zealand knew about it, and we thought that's where it would stop."" He also talked about his ""second job"" as the group's cameraman, and having to wear four pairs of gloves to work the clockwork camera.

Determine the temporal relation between the following event mentions.
- thought [ei21]
- talked [ei23]

Use one of: BEFORE, AFTER, SIMULTANEOUS, UNKNOWN.","[[""thought [ei21]"", ""talked [ei23]"", ""BEFORE""]]",[],UNKNOWN
te3_test_bbc_20130322_1150_l40,tempeval_relation,BEFORE,SIMULTANEOUS,0,1,1,0.0,0.0,,0,0,"Title:
Last 1953 Everest team member George Lowe dies, aged 89

Passage:
He also talked about his ""second job"" as the group's cameraman, and having to wear four pairs of gloves to work the clockwork camera.

Determine the temporal relation between the following event mentions.
- wear [ei24]
- talked [ei23]

Use one of: BEFORE, AFTER, SIMULTANEOUS, UNKNOWN.","[[""wear [ei24]"", ""talked [ei23]"", ""BEFORE""]]","[[""talked [ei23]"", ""wear [ei24]"", ""SIMULTANEOUS""]]",SIMULTANEOUS
te3_test_bbc_20130322_1150_l41,tempeval_relation,BEFORE,AFTER,0,1,1,0.0,0.0,,0,0,"Title:
Last 1953 Everest team member George Lowe dies, aged 89

Passage:
He also talked about his ""second job"" as the group's cameraman, and having to wear four pairs of gloves to work the clockwork camera.

Determine the temporal relation between the following event mentions.
- work [ei25]
- talked [ei23]

Use one of: BEFORE, AFTER, SIMULTANEOUS, UNKNOWN.","[[""work [ei25]"", ""talked [ei23]"", ""BEFORE""]]","[[""talked [ei23]"", ""work [ei25]"", ""BEFORE""]]",BEFORE
te3_test_bbc_20130322_1150_l50,tempeval_relation,BEFORE,UNKNOWN,0,1,1,0.0,0.0,,0,0,"Title:
Last 1953 Everest team member George Lowe dies, aged 89

Passage:
Dr Lewis-Jones, the former curator at the Scott Polar Research Institute at the University of Cambridge, who first met Mr Lowe in 2005, called him a ""hero"".

Determine the temporal relation between the following event mentions.
- met [ei29]
- called [ei30]

Use one of: BEFORE, AFTER, SIMULTANEOUS, UNKNOWN.","[[""met [ei29]"", ""called [ei30]"", ""BEFORE""]]",[],UNKNOWN
te3_test_bbc_20130322_1150_l52,tempeval_relation,SIMULTANEOUS,BEFORE,0,1,1,0.0,0.0,,0,0,"Title:
Last 1953 Everest team member George Lowe dies, aged 89

Passage:
Dr Lewis-Jones, the former curator at the Scott Polar Research Institute at the University of Cambridge, who first met Mr Lowe in 2005, called him a ""hero"". ""I don't often use that word but then it is not very often that you get to meet one,"" he said.

Determine the temporal relation between the following event mentions.
- called [ei30]
- said [ei34]

Use one of: BEFORE, AFTER, SIMULTANEOUS, UNKNOWN.","[[""called [ei30]"", ""said [ei34]"", ""SIMULTANEOUS""]]","[[""called [ei30]"", ""said [ei34]"", ""BEFORE""]]",BEFORE
te3_test_bbc_20130322_1150_l58,tempeval_relation,BEFORE,BEFORE,1,1,1,1.0,1.0,,0,0,"Title:
Last 1953 Everest team member George Lowe dies, aged 89

Passage:
""I don't often use that word but then it is not very often that you get to meet one,"" he said. A book of memoirs and photographs from the climb by Mr Lowe, which he worked on with Dr Lewis-Jones, is due to be published in May.

Determine the temporal relation between the following event mentions.
- said [ei34]
- published [ei35]

Use one of: BEFORE, AFTER, SIMULTANEOUS, UNKNOWN.","[[""said [ei34]"", ""published [ei35]"", ""BEFORE""]]","[[""said [ei34]"", ""published [ei35]"", ""BEFORE""]]",BEFORE
te3_test_bbc_20130322_1150_l61,tempeval_relation,AFTER,UNKNOWN,0,0,0,0.0,0.0,0,2,1,"Title:
Last 1953 Everest team member George Lowe dies, aged 89

Passage:
A book of memoirs and photographs from the climb by Mr Lowe, which he worked on with Dr Lewis-Jones, is due to be published in May. He said: ""Lowe was a brilliant, kind fellow who never sought the limelight... and 60 years on from Everest his achievements deserve wider recognition.

Determine the temporal relation between the following event mentions.
- published [ei35]
- said [ei36]

Use one of: BEFORE, AFTER, SIMULTANEOUS, UNKNOWN.","[[""published [ei35]"", ""said [ei36]"", ""AFTER""]]","[[""said"", ""published"", ""BEFORE""]]",BEFORE
te3_test_bbc_20130322_1150_l62,tempeval_relation,BEFORE,UNKNOWN,0,1,1,0.0,0.0,,0,0,"Title:
Last 1953 Everest team member George Lowe dies, aged 89

Passage:
He said: ""Lowe was a brilliant, kind fellow who never sought the limelight... and 60 years on from Everest his achievements deserve wider recognition.

Determine the temporal relation between the following event mentions.
- sought [ei37]
- said [ei36]

Use one of: BEFORE, AFTER, SIMULTANEOUS, UNKNOWN.","[[""sought [ei37]"", ""said [ei36]"", ""BEFORE""]]",[],UNKNOWN
te3_test_bbc_20130322_1150_l63,tempeval_relation,SIMULTANEOUS,UNKNOWN,0,1,1,0.0,0.0,,0,0,"Title:
Last 1953 Everest team member George Lowe dies, aged 89

Passage:
He said: ""Lowe was a brilliant, kind fellow who never sought the limelight... and 60 years on from Everest his achievements deserve wider recognition.

Determine the temporal relation between the following event mentions.
- deserve [ei38]
- said [ei36]

Use one of: BEFORE, AFTER, SIMULTANEOUS, UNKNOWN.","[[""deserve [ei38]"", ""said [ei36]"", ""SIMULTANEOUS""]]",[],UNKNOWN
te3_test_bbc_20130322_1150_l65,tempeval_relation,AFTER,UNKNOWN,0,1,1,0.0,0.0,,0,0,"Title:
Last 1953 Everest team member George Lowe dies, aged 89

Passage:
He said: ""Lowe was a brilliant, kind fellow who never sought the limelight... and 60 years on from Everest his achievements deserve wider recognition. ""He was involved in two of the most important explorations of the 20th Century... yet remained a humble, happy man right to the end... an inspirational lesson to us all.""

Determine the temporal relation between the following event mentions.
- said [ei36]
- involved [ei39]

Use one of: BEFORE, AFTER, SIMULTANEOUS, UNKNOWN.","[[""said [ei36]"", ""involved [ei39]"", ""AFTER""]]",[],UNKNOWN
te3_test_bbc_20130322_1150_l66,tempeval_relation,SIMULTANEOUS,UNKNOWN,0,1,1,0.0,0.0,,0,0,"Title:
Last 1953 Everest team member George Lowe dies, aged 89

Passage:
""He was involved in two of the most important explorations of the 20th Century... yet remained a humble, happy man right to the end... an inspirational lesson to us all.""

Determine the temporal relation between the following event mentions.
- remained [ei40]
- involved [ei39]

Use one of: BEFORE, AFTER, SIMULTANEOUS, UNKNOWN.","[[""remained [ei40]"", ""involved [ei39]"", ""SIMULTANEOUS""]]",[],UNKNOWN
te3_test_bbc_20130322_1150_l69,tempeval_relation,BEFORE,UNKNOWN,0,0,0,0.0,0.0,0,2,1,"Title:
Last 1953 Everest team member George Lowe dies, aged 89

Passage:
""He was involved in two of the most important explorations of the 20th Century... yet remained a humble, happy man right to the end... an inspirational lesson to us all."" Before retiring in 1984, Mr Lowe worked as an Inspector of Schools with the Department of Education and Sciences, and he leaves three sons from a previous marriage.

Determine the temporal relation between the following event mentions.
- involved [ei39]
- worked [ei42]

Use one of: BEFORE, AFTER, SIMULTANEOUS, UNKNOWN.","[[""involved [ei39]"", ""worked [ei42]"", ""BEFORE""]]","[[""ei39"", ""ei42"", ""BEFORE""]]",BEFORE
te3_test_bbc_20130322_1150_l70,tempeval_relation,AFTER,BEFORE,0,1,1,0.0,0.0,,0,0,"Title:
Last 1953 Everest team member George Lowe dies, aged 89

Passage:
Before retiring in 1984, Mr Lowe worked as an Inspector of Schools with the Department of Education and Sciences, and he leaves three sons from a previous marriage.

Determine the temporal relation between the following event mentions.
- retiring [ei41]
- worked [ei42]

Use one of: BEFORE, AFTER, SIMULTANEOUS, UNKNOWN.","[[""retiring [ei41]"", ""worked [ei42]"", ""AFTER""]]","[[""retiring [ei41]"", ""worked [ei42]"", ""BEFORE""]]",BEFORE
te3_test_bbc_20130322_1150_l71,tempeval_relation,SIMULTANEOUS,BEFORE,0,1,1,0.0,0.0,,0,0,"Title:
Last 1953 Everest team member George Lowe dies, aged 89

Passage:
The last surviving member of the team which first conquered Everest in 1953 has died in a Derbyshire nursing home. George Lowe, 89, died in Ripley on Wednesday after a long-term illness, with his wife Mary by his side. New Zealand-born Mr Lowe was part of the team that helped Sir Edmund Hillary and Tenzing Norgay to the summit in 1953. Family friend and historian Dr Huw Lewis-Jones paid tribute to a ""gentle soul and fine climber"" who shunned the limelight. Mr Lowe also took part in the trans-Antarctic expedition of 1957-58, which made the first successful overland crossing of Antarctica via the South Pole. He later made expeditions to Greenland, Greece and Ethiopia. Speaking to the BBC in 1995, Mr Lowe said of his Antarctic adventure: ""We estimated we could do it in 100 days, and we got across on the 99th day. ""There was a great feeling of euphoria from everyone. It had a multiplying effect. ""We were pleased that England and New Zealand knew about it, and we thought that's where it would stop."" He also talked about his ""second job"" as the group's cameraman, and having to wear four pairs of gloves to work the clockwork camera. ""When there were dramas, there was a split problem. Do you take part in the urgency - or do you record it?"" he said. Dr Lewis-Jones, the former curator at the Scott Polar Research Institute at the University of Cambridge, who first met Mr Lowe in 2005, called him a ""hero"". ""I don't often use that word but then it is not very often that you get to meet one,"" he said. A book of memoirs and photographs from the climb by Mr Lowe, which he worked on with Dr Lewis-Jones, is due to be published in May. He said: ""Lowe was a brilliant, kind fellow who never sought the limelight... and 60 years on from Everest his achievements deserve wider recognition. ""He was involved in two of the most important explorations of the 20th Century... yet remained a humble, happy man right to the end... an inspirational lesson to us all."" Before retiring in 1984, Mr Lowe worked as an Inspector of Schools with the Department of Education and Sciences, and he leaves three sons from a previous marriage.

Determine the temporal relation between the following event mentions.
- leaves [ei43]
- died [ei2]

Use one of: BEFORE, AFTER, SIMULTANEOUS, UNKNOWN.","[[""leaves [ei43]"", ""died [ei2]"", ""SIMULTANEOUS""]]","[[""leaves [ei43]"", ""died [ei2]"", ""BEFORE""]]",BEFORE
te3_test_bbc_20130322_1150_l74,tempeval_relation,BEFORE,BEFORE,1,1,1,1.0,1.0,,0,0,"Title:
Last 1953 Everest team member George Lowe dies, aged 89

Passage:
Before retiring in 1984, Mr Lowe worked as an Inspector of Schools with the Department of Education and Sciences, and he leaves three sons from a previous marriage. The last British climbing member of the 1953 team, Mike Westmacott, died last June.

Determine the temporal relation between the following event mentions.
- worked [ei42]
- died [ei44]

Use one of: BEFORE, AFTER, SIMULTANEOUS, UNKNOWN.","[[""worked [ei42]"", ""died [ei44]"", ""BEFORE""]]","[[""worked [ei42]"", ""died [ei44]"", ""BEFORE""]]",BEFORE
te3_test_bbc_20130322_1150_l75,tempeval_relation,SIMULTANEOUS,BEFORE,0,1,1,0.0,0.0,,0,0,"Title:
Last 1953 Everest team member George Lowe dies, aged 89

Passage:
The last surviving member of the team which first conquered Everest in 1953 has died in a Derbyshire nursing home. George Lowe, 89, died in Ripley on Wednesday after a long-term illness, with his wife Mary by his side. New Zealand-born Mr Lowe was part of the team that helped Sir Edmund Hillary and Tenzing Norgay to the summit in 1953. Family friend and historian Dr Huw Lewis-Jones paid tribute to a ""gentle soul and fine climber"" who shunned the limelight. Mr Lowe also took part in the trans-Antarctic expedition of 1957-58, which made the first successful overland crossing of Antarctica via the South Pole. He later made expeditions to Greenland, Greece and Ethiopia. Speaking to the BBC in 1995, Mr Lowe said of his Antarctic adventure: ""We estimated we could do it in 100 days, and we got across on the 99th day. ""There was a great feeling of euphoria from everyone. It had a multiplying effect. ""We were pleased that England and New Zealand knew about it, and we thought that's where it would stop."" He also talked about his ""second job"" as the group's cameraman, and having to wear four pairs of gloves to work the clockwork camera. ""When there were dramas, there was a split problem. Do you take part in the urgency - or do you record it?"" he said. Dr Lewis-Jones, the former curator at the Scott Polar Research Institute at the University of Cambridge, who first met Mr Lowe in 2005, called him a ""hero"". ""I don't often use that word but then it is not very often that you get to meet one,"" he said. A book of memoirs and photographs from the climb by Mr Lowe, which he worked on with Dr Lewis-Jones, is due to be published in May.

Determine the temporal relation between the following event mentions.
- conquered [ei1]
- climb [ei52]

Use one of: BEFORE, AFTER, SIMULTANEOUS, UNKNOWN.","[[""conquered [ei1]"", ""climb [ei52]"", ""SIMULTANEOUS""]]","[[""conquered [ei1]"", ""climb [ei52]"", ""BEFORE""]]",BEFORE
te3_test_bbc_20130322_1150_l76,tempeval_relation,SIMULTANEOUS,UNKNOWN,0,0,1,0.0,0.0,1,1,1,"Title:
Last 1953 Everest team member George Lowe dies, aged 89

Passage:
The last surviving member of the team which first conquered Everest in 1953 has died in a Derbyshire nursing home. George Lowe, 89, died in Ripley on Wednesday after a long-term illness, with his wife Mary by his side. New Zealand-born Mr Lowe was part of the team that helped Sir Edmund Hillary and Tenzing Norgay to the summit in 1953. Family friend and historian Dr Huw Lewis-Jones paid tribute to a ""gentle soul and fine climber"" who shunned the limelight. Mr Lowe also took part in the trans-Antarctic expedition of 1957-58, which made the first successful overland crossing of Antarctica via the South Pole. He later made expeditions to Greenland, Greece and Ethiopia. Speaking to the BBC in 1995, Mr Lowe said of his Antarctic adventure: ""We estimated we could do it in 100 days, and we got across on the 99th day. ""There was a great feeling of euphoria from everyone. It had a multiplying effect. ""We were pleased that England and New Zealand knew about it, and we thought that's where it would stop."" He also talked about his ""second job"" as the group's cameraman, and having to wear four pairs of gloves to work the clockwork camera. ""When there were dramas, there was a split problem. Do you take part in the urgency - or do you record it?"" he said. Dr Lewis-Jones, the former curator at the Scott Polar Research Institute at the University of Cambridge, who first met Mr Lowe in 2005, called him a ""hero"". ""I don't often use that word but then it is not very often that you get to meet one,"" he said. A book of memoirs and photographs from the climb by Mr Lowe, which he worked on with Dr Lewis-Jones, is due to be published in May. He said: ""Lowe was a brilliant, kind fellow who never sought the limelight... and 60 years on from Everest his achievements deserve wider recognition.

Determine the temporal relation between the following event mentions.
- conquered [ei1]
- Everest [ei54]

Use one of: BEFORE, AFTER, SIMULTANEOUS, UNKNOWN.","[[""conquered [ei1]"", ""Everest [ei54]"", ""SIMULTANEOUS""]]","[[""conquered"", ""Everest"", ""BEFORE""]]",BEFORE
te3_test_bbc_20130322_1150_l77,tempeval_relation,SIMULTANEOUS,BEFORE,0,1,1,0.0,0.0,,0,0,"Title:
Last 1953 Everest team member George Lowe dies, aged 89

Passage:
The last surviving member of the team which first conquered Everest in 1953 has died in a Derbyshire nursing home. George Lowe, 89, died in Ripley on Wednesday after a long-term illness, with his wife Mary by his side. New Zealand-born Mr Lowe was part of the team that helped Sir Edmund Hillary and Tenzing Norgay to the summit in 1953. Family friend and historian Dr Huw Lewis-Jones paid tribute to a ""gentle soul and fine climber"" who shunned the limelight. Mr Lowe also took part in the trans-Antarctic expedition of 1957-58, which made the first successful overland crossing of Antarctica via the South Pole. He later made expeditions to Greenland, Greece and Ethiopia. Speaking to the BBC in 1995, Mr Lowe said of his Antarctic adventure: ""We estimated we could do it in 100 days, and we got across on the 99th day. ""There was a great feeling of euphoria from everyone. It had a multiplying effect. ""We were pleased that England and New Zealand knew about it, and we thought that's where it would stop."" He also talked about his ""second job"" as the group's cameraman, and having to wear four pairs of gloves to work the clockwork camera. ""When there were dramas, there was a split problem. Do you take part in the urgency - or do you record it?"" he said. Dr Lewis-Jones, the former curator at the Scott Polar Research Institute at the University of Cambridge, who first met Mr Lowe in 2005, called him a ""hero"". ""I don't often use that word but then it is not very often that you get to meet one,"" he said. A book of memoirs and photographs from the climb by Mr Lowe, which he worked on with Dr Lewis-Jones, is due to be published in May. He said: ""Lowe was a brilliant, kind fellow who never sought the limelight... and 60 years on from Everest his achievements deserve wider recognition. ""He was involved in two of the most important explorations of the 20th Century... yet remained a humble, happy man right to the end... an inspirational lesson to us all.""

Determine the temporal relation between the following event mentions.
- died [ei2]
- end [ei2000]

Use one of: BEFORE, AFTER, SIMULTANEOUS, UNKNOWN.","[[""died [ei2]"", ""end [ei2000]"", ""SIMULTANEOUS""]]","[[""died [ei2]"", ""end [ei2000]"", ""BEFORE""]]",BEFORE
te3_test_bbc_20130322_1150_l79,tempeval_relation,AFTER,BEFORE,0,1,1,0.0,0.0,,0,0,"Title:
Last 1953 Everest team member George Lowe dies, aged 89

Passage:
Before retiring in 1984, Mr Lowe worked as an Inspector of Schools with the Department of Education and Sciences, and he leaves three sons from a previous marriage.

Determine the temporal relation between the following event mentions.
- leaves [ei43]
- marriage [ei57]

Use one of: BEFORE, AFTER, SIMULTANEOUS, UNKNOWN.","[[""leaves [ei43]"", ""marriage [ei57]"", ""AFTER""]]","[[""leaves [ei43]"", ""marriage [ei57]"", ""BEFORE""]]",BEFORE
te3_test_bbc_20130322_1353_l2,tempeval_relation,BEFORE,AFTER,0,1,1,0.0,0.0,,0,0,"Title:
Israel PM apologies for Gaza flotilla deaths

Passage:
Israel's prime minister has apologised to Turkey for ""any errors that could have led to loss of life"" during the 2010 commando raid on an aid flotilla that tried to breach the Gaza blockade.

Determine the temporal relation between the following event mentions.
- led [ei2]
- apologised [ei1]

Use one of: BEFORE, AFTER, SIMULTANEOUS, UNKNOWN.","[[""led [ei2]"", ""apologised [ei1]"", ""BEFORE""]]","[[""apologised [ei1]"", ""led [ei2]"", ""BEFORE""]]",BEFORE
te3_test_bbc_20130322_1353_l3,tempeval_relation,BEFORE,UNKNOWN,0,0,0,0.0,0.0,0,2,1,"Title:
Israel PM apologies for Gaza flotilla deaths

Passage:
Israel's prime minister has apologised to Turkey for ""any errors that could have led to loss of life"" during the 2010 commando raid on an aid flotilla that tried to breach the Gaza blockade.

Determine the temporal relation between the following event mentions.
- loss [ei3]
- apologised [ei1]

Use one of: BEFORE, AFTER, SIMULTANEOUS, UNKNOWN.","[[""loss [ei3]"", ""apologised [ei1]"", ""BEFORE""]]","[[""apologised"", ""loss"", ""AFTER""]]",AFTER
te3_test_bbc_20130322_1353_l4,tempeval_relation,BEFORE,AFTER,0,1,1,0.0,0.0,,0,0,"Title:
Israel PM apologies for Gaza flotilla deaths

Passage:
Israel's prime minister has apologised to Turkey for ""any errors that could have led to loss of life"" during the 2010 commando raid on an aid flotilla that tried to breach the Gaza blockade.

Determine the temporal relation between the following event mentions.
- raid [ei4]
- apologised [ei1]

Use one of: BEFORE, AFTER, SIMULTANEOUS, UNKNOWN.","[[""raid [ei4]"", ""apologised [ei1]"", ""BEFORE""]]","[[""raid [ei4]"", ""apologised [ei1]"", ""AFTER""]]",AFTER
te3_test_bbc_20130322_1353_l5,tempeval_relation,BEFORE,BEFORE,1,1,1,1.0,1.0,,0,0,"Title:
Israel PM apologies for Gaza flotilla deaths

Passage:
Israel's prime minister has apologised to Turkey for ""any errors that could have led to loss of life"" during the 2010 commando raid on an aid flotilla that tried to breach the Gaza blockade.

Determine the temporal relation between the following event mentions.
- tried [ei5]
- apologised [ei1]

Use one of: BEFORE, AFTER, SIMULTANEOUS, UNKNOWN.","[[""tried [ei5]"", ""apologised [ei1]"", ""BEFORE""]]","[[""tried [ei5]"", ""apologised [ei1]"", ""BEFORE""]]",BEFORE
te3_test_bbc_20130322_1353_l6,tempeval_relation,BEFORE,BEFORE,1,1,1,0.0,1.0,,0,0,"Title:
Israel PM apologies for Gaza flotilla deaths

Passage:
Israel's prime minister has apologised to Turkey for ""any errors that could have led to loss of life"" during the 2010 commando raid on an aid flotilla that tried to breach the Gaza blockade.

Determine the temporal relation between the following event mentions.
- breach [ei6]
- apologised [ei1]

Use one of: BEFORE, AFTER, SIMULTANEOUS, UNKNOWN.","[[""breach [ei6]"", ""apologised [ei1]"", ""BEFORE""]]","[[""apologised [ei1]"", ""breach [ei6]"", ""AFTER""]]",AFTER
te3_test_bbc_20130322_1353_l10,tempeval_relation,AFTER,BEFORE,0,1,1,0.0,0.0,,0,0,"Title:
Israel PM apologies for Gaza flotilla deaths

Passage:
Benjamin Netanyahu also agreed with his Turkish counterpart Recep Tayyip Erdogan to compensate the families of the nine activists who were killed.

Determine the temporal relation between the following event mentions.
- compensate [ei9]
- agreed [ei8]

Use one of: BEFORE, AFTER, SIMULTANEOUS, UNKNOWN.","[[""compensate [ei9]"", ""agreed [ei8]"", ""AFTER""]]","[[""agreed [ei8]"", ""compensate [ei9]"", ""AFTER""]]",AFTER
te3_test_bbc_20130322_1353_l11,tempeval_relation,BEFORE,AFTER,0,1,1,0.0,0.0,,0,0,"Title:
Israel PM apologies for Gaza flotilla deaths

Passage:
Benjamin Netanyahu also agreed with his Turkish counterpart Recep Tayyip Erdogan to compensate the families of the nine activists who were killed.

Determine the temporal relation between the following event mentions.
- killed [ei10]
- agreed [ei8]

Use one of: BEFORE, AFTER, SIMULTANEOUS, UNKNOWN.","[[""killed [ei10]"", ""agreed [ei8]"", ""BEFORE""]]","[[""agreed [ei8]"", ""killed [ei10]"", ""BEFORE""]]",BEFORE
te3_test_bbc_20130322_1353_l13,tempeval_relation,AFTER,UNKNOWN,0,0,0,0.0,0.0,0,2,1,"Title:
Israel PM apologies for Gaza flotilla deaths

Passage:
Benjamin Netanyahu also agreed with his Turkish counterpart Recep Tayyip Erdogan to compensate the families of the nine activists who were killed. Mr Netanyahu had previously only expressed regret for the deaths.

Determine the temporal relation between the following event mentions.
- agreed [ei8]
- expressed [ei11]

Use one of: BEFORE, AFTER, SIMULTANEOUS, UNKNOWN.","[[""agreed [ei8]"", ""expressed [ei11]"", ""AFTER""]]","[[""agreed"", ""expressed"", ""BEFORE""]]",BEFORE
te3_test_bbc_20130322_1353_l15,tempeval_relation,BEFORE,BEFORE,1,1,1,1.0,1.0,,0,0,"Title:
Israel PM apologies for Gaza flotilla deaths

Passage:
Mr Netanyahu had previously only expressed regret for the deaths. The deal was brokered by US President Barack Obama during a visit to Israel.

Determine the temporal relation between the following event mentions.
- expressed [ei11]
- deal [ei12]

Use one of: BEFORE, AFTER, SIMULTANEOUS, UNKNOWN.","[[""expressed [ei11]"", ""deal [ei12]"", ""BEFORE""]]","[[""expressed [ei11]"", ""deal [ei12]"", ""BEFORE""]]",BEFORE
te3_test_bbc_20130322_1353_l16,tempeval_relation,SIMULTANEOUS,BEFORE,0,1,1,0.0,0.0,,0,0,"Title:
Israel PM apologies for Gaza flotilla deaths

Passage:
The deal was brokered by US President Barack Obama during a visit to Israel.

Determine the temporal relation between the following event mentions.
- brokered [ei13]
- deal [ei12]

Use one of: BEFORE, AFTER, SIMULTANEOUS, UNKNOWN.","[[""brokered [ei13]"", ""deal [ei12]"", ""SIMULTANEOUS""]]","[[""brokered [ei13]"", ""deal [ei12]"", ""BEFORE""]]",BEFORE
te3_test_bbc_20130322_1353_l19,tempeval_relation,BEFORE,UNKNOWN,0,0,0,0.0,0.0,0,2,1,"Title:
Israel PM apologies for Gaza flotilla deaths

Passage:
The deal was brokered by US President Barack Obama during a visit to Israel. Mr Erdogan's office said he had accepted the apology, ""in the name of the Turkish people"".

Determine the temporal relation between the following event mentions.
- deal [ei12]
- said [ei15]

Use one of: BEFORE, AFTER, SIMULTANEOUS, UNKNOWN.","[[""deal [ei12]"", ""said [ei15]"", ""BEFORE""]]","[[""ei12"", ""ei15"", ""BEFORE""]]",BEFORE
te3_test_bbc_20130322_1353_l20,tempeval_relation,BEFORE,UNKNOWN,0,0,0,0.0,0.0,0,2,1,"Title:
Israel PM apologies for Gaza flotilla deaths

Passage:
Mr Erdogan's office said he had accepted the apology, ""in the name of the Turkish people"".

Determine the temporal relation between the following event mentions.
- accepted [ei16]
- said [ei15]

Use one of: BEFORE, AFTER, SIMULTANEOUS, UNKNOWN.","[[""accepted [ei16]"", ""said [ei15]"", ""BEFORE""]]","[[""ei15"", ""ei16"", ""BEFORE""]]",BEFORE
te3_test_bbc_20130322_1353_l23,tempeval_relation,AFTER,BEFORE,0,1,1,0.0,0.0,,0,0,"Title:
Israel PM apologies for Gaza flotilla deaths

Passage:
Mr Erdogan's office said he had accepted the apology, ""in the name of the Turkish people"". In the past, he has always given two conditions for restoring bilateral relations with Israel - an apology and compensation for victims' families.

Determine the temporal relation between the following event mentions.
- said [ei15]
- given [ei17]

Use one of: BEFORE, AFTER, SIMULTANEOUS, UNKNOWN.","[[""said [ei15]"", ""given [ei17]"", ""AFTER""]]","[[""said [ei15]"", ""given [ei17]"", ""BEFORE""]]",BEFORE
te3_test_bbc_20130322_1353_l24,tempeval_relation,AFTER,AFTER,1,1,1,0.0,1.0,,0,0,"Title:
Israel PM apologies for Gaza flotilla deaths

Passage:
In the past, he has always given two conditions for restoring bilateral relations with Israel - an apology and compensation for victims' families.

Determine the temporal relation between the following event mentions.
- restoring [ei18]
- given [ei17]

Use one of: BEFORE, AFTER, SIMULTANEOUS, UNKNOWN.","[[""restoring [ei18]"", ""given [ei17]"", ""AFTER""]]","[[""given [ei17]"", ""restoring [ei18]"", ""BEFORE""]]",BEFORE
te3_test_bbc_20130322_1353_l27,tempeval_relation,AFTER,BEFORE,0,1,1,0.0,0.0,,0,0,"Title:
Israel PM apologies for Gaza flotilla deaths

Passage:
In the past, he has always given two conditions for restoring bilateral relations with Israel - an apology and compensation for victims' families. Nine people were killed on board the Turkish aid ship, Mavi Marmara, when it was boarded by Israeli commandos while trying to transport aid supplies to Gaza in May 2010 in spite of an Israeli naval blockade.

Determine the temporal relation between the following event mentions.
- given [ei17]
- killed [ei19]

Use one of: BEFORE, AFTER, SIMULTANEOUS, UNKNOWN.","[[""given [ei17]"", ""killed [ei19]"", ""AFTER""]]","[[""given [ei17]"", ""killed [ei19]"", ""BEFORE""]]",BEFORE
te3_test_bbc_20130322_1353_l32,tempeval_relation,BEFORE,AFTER,0,1,1,0.0,0.0,,0,0,"Title:
Israel PM apologies for Gaza flotilla deaths

Passage:
Nine people were killed on board the Turkish aid ship, Mavi Marmara, when it was boarded by Israeli commandos while trying to transport aid supplies to Gaza in May 2010 in spite of an Israeli naval blockade. The Israeli government admitted mistakes were made in intelligence-gathering and planning, but insisted its commandos used lethal force because activists had attacked them.

Determine the temporal relation between the following event mentions.
- killed [ei19]
- admitted [ei23]

Use one of: BEFORE, AFTER, SIMULTANEOUS, UNKNOWN.","[[""killed [ei19]"", ""admitted [ei23]"", ""BEFORE""]]","[[""killed [ei19]"", ""admitted [ei23]"", ""AFTER""]]",AFTER
te3_test_bbc_20130322_1353_l33,tempeval_relation,BEFORE,AFTER,0,1,1,0.0,0.0,,0,0,"Title:
Israel PM apologies for Gaza flotilla deaths

Passage:
The Israeli government admitted mistakes were made in intelligence-gathering and planning, but insisted its commandos used lethal force because activists had attacked them.

Determine the temporal relation between the following event mentions.
- mistakes [ei24]
- admitted [ei23]

Use one of: BEFORE, AFTER, SIMULTANEOUS, UNKNOWN.","[[""mistakes [ei24]"", ""admitted [ei23]"", ""BEFORE""]]","[[""admitted [ei23]"", ""mistakes [ei24]"", ""BEFORE""]]",BEFORE
te3_test_bbc_20130322_1353_l35,tempeval_relation,BEFORE,UNKNOWN,0,1,1,0.0,0.0,,0,0,"Title:
Israel PM apologies for Gaza flotilla deaths

Passage:
The Israeli government admitted mistakes were made in intelligence-gathering and planning, but insisted its commandos used lethal force because activists had attacked them.

Determine the temporal relation between the following event mentions.
- used [ei26]
- admitted [ei23]

Use one of: BEFORE, AFTER, SIMULTANEOUS, UNKNOWN.","[[""used [ei26]"", ""admitted [ei23]"", ""BEFORE""]]",[],UNKNOWN
te3_test_bbc_20130322_1353_l36,tempeval_relation,BEFORE,UNKNOWN,0,1,1,0.0,0.0,,0,0,"Title:
Israel PM apologies for Gaza flotilla deaths

Passage:
The Israeli government admitted mistakes were made in intelligence-gathering and planning, but insisted its commandos used lethal force because activists had attacked them.

Determine the temporal relation between the following event mentions.
- attacked [ei27]
- admitted [ei23]

Use one of: BEFORE, AFTER, SIMULTANEOUS, UNKNOWN.","[[""attacked [ei27]"", ""admitted [ei23]"", ""BEFORE""]]",[],UNKNOWN
te3_test_bbc_20130322_1353_l38,tempeval_relation,AFTER,UNKNOWN,0,1,1,0.0,0.0,,0,0,"Title:
Israel PM apologies for Gaza flotilla deaths

Passage:
The Israeli government admitted mistakes were made in intelligence-gathering and planning, but insisted its commandos used lethal force because activists had attacked them. The activists said the troops had opened fire as soon as they boarded the vessel, which was in international waters at the time.

Determine the temporal relation between the following event mentions.
- admitted [ei23]
- said [ei28]

Use one of: BEFORE, AFTER, SIMULTANEOUS, UNKNOWN.","[[""admitted [ei23]"", ""said [ei28]"", ""AFTER""]]",[],UNKNOWN
te3_test_bbc_20130322_1353_l39,tempeval_relation,BEFORE,AFTER,0,1,1,0.0,0.0,,0,0,"Title:
Israel PM apologies for Gaza flotilla deaths

Passage:
The activists said the troops had opened fire as soon as they boarded the vessel, which was in international waters at the time.

Determine the temporal relation between the following event mentions.
- opened [ei29]
- said [ei28]

Use one of: BEFORE, AFTER, SIMULTANEOUS, UNKNOWN.","[[""opened [ei29]"", ""said [ei28]"", ""BEFORE""]]","[[""said [ei28]"", ""opened [ei29]"", ""BEFORE""]]",BEFORE
te3_test_bbc_20130322_1353_l40,tempeval_relation,BEFORE,AFTER,0,1,1,0.0,0.0,,0,0,"Title:
Israel PM apologies for Gaza flotilla deaths

Passage:
The activists said the troops had opened fire as soon as they boarded the vessel, which was in international waters at the time.

Determine the temporal relation between the following event mentions.
- fire [ei30]
- said [ei28]

Use one of: BEFORE, AFTER, SIMULTANEOUS, UNKNOWN.","[[""fire [ei30]"", ""said [ei28]"", ""BEFORE""]]","[[""said [ei28]"", ""fire [ei30]"", ""BEFORE""]]",BEFORE
te3_test_bbc_20130322_1353_l41,tempeval_relation,BEFORE,AFTER,0,1,1,0.0,0.0,,0,0,"Title:
Israel PM apologies for Gaza flotilla deaths

Passage:
The activists said the troops had opened fire as soon as they boarded the vessel, which was in international waters at the time.

Determine the temporal relation between the following event mentions.
- boarded [ei31]
- said [ei28]

Use one of: BEFORE, AFTER, SIMULTANEOUS, UNKNOWN.","[[""boarded [ei31]"", ""said [ei28]"", ""BEFORE""]]","[[""said [ei28]"", ""boarded [ei31]"", ""BEFORE""]]",BEFORE
te3_test_bbc_20130322_1353_l43,tempeval_relation,AFTER,BEFORE,0,1,1,0.0,0.0,,0,0,"Title:
Israel PM apologies for Gaza flotilla deaths

Passage:
The activists said the troops had opened fire as soon as they boarded the vessel, which was in international waters at the time. The incident provoked an international outcry and led to a major deterioration in relations between Turkey and Israel.

Determine the temporal relation between the following event mentions.
- said [ei28]
- incident [ei32]

Use one of: BEFORE, AFTER, SIMULTANEOUS, UNKNOWN.","[[""said [ei28]"", ""incident [ei32]"", ""AFTER""]]","[[""said [ei28]"", ""incident [ei32]"", ""BEFORE""]]",BEFORE
te3_test_bbc_20130322_1353_l44,tempeval_relation,AFTER,BEFORE,0,1,1,0.0,0.0,,0,0,"Title:
Israel PM apologies for Gaza flotilla deaths

Passage:
The incident provoked an international outcry and led to a major deterioration in relations between Turkey and Israel.

Determine the temporal relation between the following event mentions.
- provoked [ei33]
- incident [ei32]

Use one of: BEFORE, AFTER, SIMULTANEOUS, UNKNOWN.","[[""provoked [ei33]"", ""incident [ei32]"", ""AFTER""]]","[[""provoked [ei33]"", ""incident [ei32]"", ""BEFORE""]]",BEFORE
te3_test_bbc_20130322_1353_l45,tempeval_relation,AFTER,AFTER,1,1,1,0.0,1.0,,0,0,"Title:
Israel PM apologies for Gaza flotilla deaths

Passage:
The incident provoked an international outcry and led to a major deterioration in relations between Turkey and Israel.

Determine the temporal relation between the following event mentions.
- led [ei34]
- incident [ei32]

Use one of: BEFORE, AFTER, SIMULTANEOUS, UNKNOWN.","[[""led [ei34]"", ""incident [ei32]"", ""AFTER""]]","[[""incident [ei32]"", ""led [ei34]"", ""BEFORE""]]",BEFORE
te3_test_bbc_20130322_1353_l48,tempeval_relation,BEFORE,UNKNOWN,0,0,0,0.0,0.0,0,2,1,"Title:
Israel PM apologies for Gaza flotilla deaths

Passage:
The incident provoked an international outcry and led to a major deterioration in relations between Turkey and Israel. Before departing for Jordan on Friday afternoon, Mr Obama revealed that Mr Netanyahu and Mr Erdogan had just spoken by telephone.

Determine the temporal relation between the following event mentions.
- incident [ei32]
- revealed [ei36]

Use one of: BEFORE, AFTER, SIMULTANEOUS, UNKNOWN.","[[""incident [ei32]"", ""revealed [ei36]"", ""BEFORE""]]","[[""ei32"", ""ei36"", ""BEFORE""]]",BEFORE
te3_test_bbc_20130322_1353_l49,tempeval_relation,AFTER,BEFORE,0,1,1,0.0,0.0,,0,0,"Title:
Israel PM apologies for Gaza flotilla deaths

Passage:
Before departing for Jordan on Friday afternoon, Mr Obama revealed that Mr Netanyahu and Mr Erdogan had just spoken by telephone.

Determine the temporal relation between the following event mentions.
- departing [ei35]
- revealed [ei36]

Use one of: BEFORE, AFTER, SIMULTANEOUS, UNKNOWN.","[[""departing [ei35]"", ""revealed [ei36]"", ""AFTER""]]","[[""departing [ei35]"", ""revealed [ei36]"", ""BEFORE""]]",BEFORE
te3_test_bbc_20130322_1353_l50,tempeval_relation,BEFORE,AFTER,0,1,1,0.0,0.0,,0,0,"Title:
Israel PM apologies for Gaza flotilla deaths

Passage:
Before departing for Jordan on Friday afternoon, Mr Obama revealed that Mr Netanyahu and Mr Erdogan had just spoken by telephone.

Determine the temporal relation between the following event mentions.
- spoken [ei37]
- revealed [ei36]

Use one of: BEFORE, AFTER, SIMULTANEOUS, UNKNOWN.","[[""spoken [ei37]"", ""revealed [ei36]"", ""BEFORE""]]","[[""revealed [ei36]"", ""spoken [ei37]"", ""BEFORE""]]",BEFORE
te3_test_bbc_20130322_1353_l101,tempeval_relation,SIMULTANEOUS,AFTER,0,1,1,0.0,0.0,,0,0,"Title:
Israel PM apologies for Gaza flotilla deaths

Passage:
Mr Netanyahu had previously only expressed regret for the deaths. The deal was brokered by US President Barack Obama during a visit to Israel. Mr Erdogan's office said he had accepted the apology, ""in the name of the Turkish people"".

Determine the temporal relation between the following event mentions.
- apology [ei40]
- expressed [ei11]

Use one of: BEFORE, AFTER, SIMULTANEOUS, UNKNOWN.","[[""apology [ei40]"", ""expressed [ei11]"", ""SIMULTANEOUS""]]","[[""expressed [ei11]"", ""apology [ei40]"", ""BEFORE""]]",BEFORE
te3_test_bbc_20130322_1353_l106,tempeval_relation,SIMULTANEOUS,BEFORE,0,1,1,0.0,0.0,,0,0,"Title:
Israel PM apologies for Gaza flotilla deaths

Passage:
The activists said the troops had opened fire as soon as they boarded the vessel, which was in international waters at the time.

Determine the temporal relation between the following event mentions.
- opened [ei29]
- boarded [ei31]

Use one of: BEFORE, AFTER, SIMULTANEOUS, UNKNOWN.","[[""opened [ei29]"", ""boarded [ei31]"", ""SIMULTANEOUS""]]","[[""opened [ei29]"", ""boarded [ei31]"", ""BEFORE""]]",BEFORE
te3_test_bbc_20130322_1353_l107,tempeval_relation,BEFORE,BEFORE,1,1,1,1.0,1.0,,0,0,"Title:
Israel PM apologies for Gaza flotilla deaths

Passage:
Israel's prime minister has apologised to Turkey for ""any errors that could have led to loss of life"" during the 2010 commando raid on an aid flotilla that tried to breach the Gaza blockade.

Determine the temporal relation between the following event mentions.
- errors [ei38]
- loss [ei3]

Use one of: BEFORE, AFTER, SIMULTANEOUS, UNKNOWN.","[[""errors [ei38]"", ""loss [ei3]"", ""BEFORE""]]","[[""errors [ei38]"", ""loss [ei3]"", ""BEFORE""]]",BEFORE
te3_test_bbc_20130322_1353_l109,tempeval_relation,BEFORE,UNKNOWN,0,0,0,0.0,0.0,0,2,1,"Title:
Israel PM apologies for Gaza flotilla deaths

Passage:
Israel's prime minister has apologised to Turkey for ""any errors that could have led to loss of life"" during the 2010 commando raid on an aid flotilla that tried to breach the Gaza blockade. Benjamin Netanyahu also agreed with his Turkish counterpart Recep Tayyip Erdogan to compensate the families of the nine activists who were killed. Mr Netanyahu had previously only expressed regret for the deaths.

Determine the temporal relation between the following event mentions.
- expressed [ei11]
- apologised [ei1]

Use one of: BEFORE, AFTER, SIMULTANEOUS, UNKNOWN.","[[""expressed [ei11]"", ""apologised [ei1]"", ""BEFORE""]]","[[""expresssed [ei11]"", ""apologised [ei1]"", ""BEFORE""]]",BEFORE
te3_test_bbc_20130322_1353_l110,tempeval_relation,AFTER,BEFORE,0,1,1,0.0,0.0,,0,0,"Title:
Israel PM apologies for Gaza flotilla deaths

Passage:
Mr Netanyahu had previously only expressed regret for the deaths.

Determine the temporal relation between the following event mentions.
- expressed [ei11]
- deaths [ei39]

Use one of: BEFORE, AFTER, SIMULTANEOUS, UNKNOWN.","[[""expressed [ei11]"", ""deaths [ei39]"", ""AFTER""]]","[[""expressed [ei11]"", ""deaths [ei39]"", ""BEFORE""]]",BEFORE
te3_test_bbc_20130322_1353_l111,tempeval_relation,BEFORE,BEFORE,1,1,1,1.0,1.0,,0,0,"Title:
Israel PM apologies for Gaza flotilla deaths

Passage:
Mr Erdogan's office said he had accepted the apology, ""in the name of the Turkish people"".

Determine the temporal relation between the following event mentions.
- apology [ei40]
- accepted [ei16]

Use one of: BEFORE, AFTER, SIMULTANEOUS, UNKNOWN.","[[""apology [ei40]"", ""accepted [ei16]"", ""BEFORE""]]","[[""apology [ei40]"", ""accepted [ei16]"", ""BEFORE""]]",BEFORE
te3_test_bbc_20130322_1353_l112,tempeval_relation,SIMULTANEOUS,BEFORE,0,1,1,0.0,0.0,,0,0,"Title:
Israel PM apologies for Gaza flotilla deaths

Passage:
Israel's prime minister has apologised to Turkey for ""any errors that could have led to loss of life"" during the 2010 commando raid on an aid flotilla that tried to breach the Gaza blockade. Benjamin Netanyahu also agreed with his Turkish counterpart Recep Tayyip Erdogan to compensate the families of the nine activists who were killed. Mr Netanyahu had previously only expressed regret for the deaths. The deal was brokered by US President Barack Obama during a visit to Israel. Mr Erdogan's office said he had accepted the apology, ""in the name of the Turkish people"". In the past, he has always given two conditions for restoring bilateral relations with Israel - an apology and compensation for victims' families. Nine people were killed on board the Turkish aid ship, Mavi Marmara, when it was boarded by Israeli commandos while trying to transport aid supplies to Gaza in May 2010 in spite of an Israeli naval blockade.

Determine the temporal relation between the following event mentions.
- boarded [ei20]
- raid [ei4]

Use one of: BEFORE, AFTER, SIMULTANEOUS, UNKNOWN.","[[""boarded [ei20]"", ""raid [ei4]"", ""SIMULTANEOUS""]]","[[""boarded [ei20]"", ""raid [ei4]"", ""BEFORE""]]",BEFORE
te3_test_bbc_20130322_1353_l114,tempeval_relation,BEFORE,UNKNOWN,0,1,1,0.0,0.0,,0,0,"Title:
Israel PM apologies for Gaza flotilla deaths

Passage:
The Israeli government admitted mistakes were made in intelligence-gathering and planning, but insisted its commandos used lethal force because activists had attacked them.

Determine the temporal relation between the following event mentions.
- attacked [ei27]
- used [ei26]

Use one of: BEFORE, AFTER, SIMULTANEOUS, UNKNOWN.","[[""attacked [ei27]"", ""used [ei26]"", ""BEFORE""]]",[],UNKNOWN
te3_test_bbc_20130322_1600_l5,tempeval_relation,SIMULTANEOUS,UNKNOWN,0,1,1,0.0,0.0,,0,0,"Title:
Landslip body found as weather bites

Passage:
Heavy snow is causing disruption to transport across the UK, with heavy rainfall bringing flooding to the south-west of England.

Determine the temporal relation between the following event mentions.
- bringing [ei5]
- snow [ei1]

Use one of: BEFORE, AFTER, SIMULTANEOUS, UNKNOWN.","[[""bringing [ei5]"", ""snow [ei1]"", ""SIMULTANEOUS""]]",[],UNKNOWN
te3_test_bbc_20130322_1600_l10,tempeval_relation,BEFORE,AFTER,0,1,1,0.0,0.0,,0,0,"Title:
Landslip body found as weather bites

Passage:
Rescuers searching for a woman trapped in a landslide at her home in Looe, Cornwall, said they had found a body.

Determine the temporal relation between the following event mentions.
- found [ei9]
- said [ei8]

Use one of: BEFORE, AFTER, SIMULTANEOUS, UNKNOWN.","[[""found [ei9]"", ""said [ei8]"", ""BEFORE""]]","[[""said [ei8]"", ""found [ei9]"", ""BEFORE""]]",BEFORE
te3_test_bbc_20130322_1600_l20,tempeval_relation,AFTER,AFTER,1,1,1,0.0,1.0,,0,0,"Title:
Landslip body found as weather bites

Passage:
This comes just over a week before the start of British Summer Time.

Determine the temporal relation between the following event mentions.
- start [ei15]
- comes [ei14]

Use one of: BEFORE, AFTER, SIMULTANEOUS, UNKNOWN.","[[""start [ei15]"", ""comes [ei14]"", ""AFTER""]]","[[""comes [ei14]"", ""start [ei15]"", ""BEFORE""]]",BEFORE
te3_test_bbc_20130322_1600_l23,tempeval_relation,BEFORE,AFTER,0,1,1,0.0,0.0,,0,0,"Title:
Landslip body found as weather bites

Passage:
This comes just over a week before the start of British Summer Time. BBC forecasters said the snow would cause travel disruption across northern parts of the UK on Friday, with some 20cm-40cm (8in-16in) falling in places. Atrocious conditions could be expected on high ground, they said.

Determine the temporal relation between the following event mentions.
- comes [ei14]
- said [ei16]

Use one of: BEFORE, AFTER, SIMULTANEOUS, UNKNOWN.","[[""comes [ei14]"", ""said [ei16]"", ""BEFORE""]]","[[""said [ei16]"", ""comes [ei14]"", ""BEFORE""]]",BEFORE
te3_test_bbc_20130322_1600_l24,tempeval_relation,AFTER,AFTER,1,1,1,0.0,1.0,,0,0,"Title:
Landslip body found as weather bites

Passage:
BBC forecasters said the snow would cause travel disruption across northern parts of the UK on Friday, with some 20cm-40cm (8in-16in) falling in places. Atrocious conditions could be expected on high ground, they said.

Determine the temporal relation between the following event mentions.
- cause [ei17]
- said [ei16]

Use one of: BEFORE, AFTER, SIMULTANEOUS, UNKNOWN.","[[""cause [ei17]"", ""said [ei16]"", ""AFTER""]]","[[""said [ei16]"", ""cause [ei17]"", ""BEFORE""]]",BEFORE
te3_test_bbc_20130322_1600_l26,tempeval_relation,AFTER,AFTER,1,1,1,0.0,1.0,,0,0,"Title:
Landslip body found as weather bites

Passage:
BBC forecasters said the snow would cause travel disruption across northern parts of the UK on Friday, with some 20cm-40cm (8in-16in) falling in places. Atrocious conditions could be expected on high ground, they said.

Determine the temporal relation between the following event mentions.
- disruption [ei19]
- said [ei16]

Use one of: BEFORE, AFTER, SIMULTANEOUS, UNKNOWN.","[[""disruption [ei19]"", ""said [ei16]"", ""AFTER""]]","[[""said [ei16]"", ""disruption [ei19]"", ""BEFORE""]]",BEFORE
te3_test_bbc_20130322_1600_l27,tempeval_relation,AFTER,AFTER,1,1,1,0.0,1.0,,0,0,"Title:
Landslip body found as weather bites

Passage:
BBC forecasters said the snow would cause travel disruption across northern parts of the UK on Friday, with some 20cm-40cm (8in-16in) falling in places. Atrocious conditions could be expected on high ground, they said.

Determine the temporal relation between the following event mentions.
- falling [ei20]
- said [ei16]

Use one of: BEFORE, AFTER, SIMULTANEOUS, UNKNOWN.","[[""falling [ei20]"", ""said [ei16]"", ""AFTER""]]","[[""said [ei16]"", ""falling [ei20]"", ""BEFORE""]]",BEFORE
te3_test_bbc_20130322_1600_l29,tempeval_relation,SIMULTANEOUS,SIMULTANEOUS,1,1,1,1.0,0.0,,0,0,"Title:
Landslip body found as weather bites

Passage:
BBC forecasters said the snow would cause travel disruption across northern parts of the UK on Friday, with some 20cm-40cm (8in-16in) falling in places. Atrocious conditions could be expected on high ground, they said.

Determine the temporal relation between the following event mentions.
- said [ei16]
- said [ei22]

Use one of: BEFORE, AFTER, SIMULTANEOUS, UNKNOWN.","[[""said [ei16]"", ""said [ei22]"", ""SIMULTANEOUS""]]","[[""said [ei16]"", ""said [ei22]"", ""SIMULTANEOUS""]]",SIMULTANEOUS
te3_test_bbc_20130322_1600_l30,tempeval_relation,AFTER,UNKNOWN,0,0,0,0.0,0.0,0,2,1,"Title:
Landslip body found as weather bites

Passage:
BBC forecasters said the snow would cause travel disruption across northern parts of the UK on Friday, with some 20cm-40cm (8in-16in) falling in places. Atrocious conditions could be expected on high ground, they said.

Determine the temporal relation between the following event mentions.
- expected [ei21]
- said [ei22]

Use one of: BEFORE, AFTER, SIMULTANEOUS, UNKNOWN.","[[""expected [ei21]"", ""said [ei22]"", ""AFTER""]]","[[""expected"", ""said"", ""BEFORE""]]",BEFORE
te3_test_bbc_20130322_1600_l32,tempeval_relation,SIMULTANEOUS,BEFORE,0,1,1,0.0,0.0,,0,0,"Title:
Landslip body found as weather bites

Passage:
BBC forecasters said the snow would cause travel disruption across northern parts of the UK on Friday, with some 20cm-40cm (8in-16in) falling in places. Atrocious conditions could be expected on high ground, they said. Roads in northern parts of Wales, the Midlands into the Pennines, southern Scotland and Northern Ireland would be the worst affected, while gale force winds would blow snow and drifts across trans-Pennine routes, they added.

Determine the temporal relation between the following event mentions.
- said [ei22]
- added [ei25]

Use one of: BEFORE, AFTER, SIMULTANEOUS, UNKNOWN.","[[""said [ei22]"", ""added [ei25]"", ""SIMULTANEOUS""]]","[[""said [ei22]"", ""added [ei25]"", ""BEFORE""]]",BEFORE
te3_test_bbc_20130322_1600_l33,tempeval_relation,AFTER,BEFORE,0,1,1,0.0,0.0,,0,0,"Title:
Landslip body found as weather bites

Passage:
Roads in northern parts of Wales, the Midlands into the Pennines, southern Scotland and Northern Ireland would be the worst affected, while gale force winds would blow snow and drifts across trans-Pennine routes, they added.

Determine the temporal relation between the following event mentions.
- be [ei23]
- added [ei25]

Use one of: BEFORE, AFTER, SIMULTANEOUS, UNKNOWN.","[[""be [ei23]"", ""added [ei25]"", ""AFTER""]]","[[""be [ei23]"", ""added [ei25]"", ""BEFORE""]]",BEFORE
te3_test_bbc_20130322_1600_l34,tempeval_relation,AFTER,BEFORE,0,1,1,0.0,0.0,,0,0,"Title:
Landslip body found as weather bites

Passage:
Roads in northern parts of Wales, the Midlands into the Pennines, southern Scotland and Northern Ireland would be the worst affected, while gale force winds would blow snow and drifts across trans-Pennine routes, they added.

Determine the temporal relation between the following event mentions.
- blow [ei24]
- added [ei25]

Use one of: BEFORE, AFTER, SIMULTANEOUS, UNKNOWN.","[[""blow [ei24]"", ""added [ei25]"", ""AFTER""]]","[[""blow [ei24]"", ""added [ei25]"", ""BEFORE""]]",BEFORE
te3_test_bbc_20130322_332_l2,tempeval_relation,AFTER,BEFORE,0,1,1,0.0,0.0,,0,0,"Title:
BP to buy back $8bn in shares after Russian sale

Passage:
Oil giant BP has said it will buy back $8bn of shares, returning to shareholders the money they had put into a complicated Russian venture.

Determine the temporal relation between the following event mentions.
- buy [ei2]
- said [ei1]

Use one of: BEFORE, AFTER, SIMULTANEOUS, UNKNOWN.","[[""buy [ei2]"", ""said [ei1]"", ""AFTER""]]","[[""said [ei1]"", ""buy [ei2]"", ""AFTER""]]",AFTER
te3_test_bbc_20130322_332_l3,tempeval_relation,AFTER,UNKNOWN,0,0,0,0.0,0.0,0,2,1,"Title:
BP to buy back $8bn in shares after Russian sale

Passage:
Oil giant BP has said it will buy back $8bn of shares, returning to shareholders the money they had put into a complicated Russian venture.

Determine the temporal relation between the following event mentions.
- returning [ei3]
- said [ei1]

Use one of: BEFORE, AFTER, SIMULTANEOUS, UNKNOWN.","[[""returning [ei3]"", ""said [ei1]"", ""AFTER""]]","[[""said"", ""returning"", ""AFTER""]]",AFTER
te3_test_bbc_20130322_332_l4,tempeval_relation,BEFORE,AFTER,0,1,1,0.0,0.0,,0,0,"Title:
BP to buy back $8bn in shares after Russian sale

Passage:
Oil giant BP has said it will buy back $8bn of shares, returning to shareholders the money they had put into a complicated Russian venture.

Determine the temporal relation between the following event mentions.
- put [ei4]
- said [ei1]

Use one of: BEFORE, AFTER, SIMULTANEOUS, UNKNOWN.","[[""put [ei4]"", ""said [ei1]"", ""BEFORE""]]","[[""put [ei4]"", ""said [ei1]"", ""AFTER""]]",AFTER
te3_test_bbc_20130322_332_l6,tempeval_relation,SIMULTANEOUS,AFTER,0,1,1,0.0,0.0,,0,0,"Title:
BP to buy back $8bn in shares after Russian sale

Passage:
Oil giant BP has said it will buy back $8bn of shares, returning to shareholders the money they had put into a complicated Russian venture. It said it ""expected to return to BP shareholders an amount equivalent to the value of the company's original investment in TNK-BP"".

Determine the temporal relation between the following event mentions.
- said [ei1]
- said [ei5]

Use one of: BEFORE, AFTER, SIMULTANEOUS, UNKNOWN.","[[""said [ei1]"", ""said [ei5]"", ""SIMULTANEOUS""]]","[[""said [ei1]"", ""said [ei5]"", ""AFTER""]]",AFTER
te3_test_bbc_20130322_332_l8,tempeval_relation,AFTER,UNKNOWN,0,0,0,0.0,0.0,0,2,1,"Title:
BP to buy back $8bn in shares after Russian sale

Passage:
It said it ""expected to return to BP shareholders an amount equivalent to the value of the company's original investment in TNK-BP"".

Determine the temporal relation between the following event mentions.
- return [ei7]
- said [ei5]

Use one of: BEFORE, AFTER, SIMULTANEOUS, UNKNOWN.","[[""return [ei7]"", ""said [ei5]"", ""AFTER""]]","[[""said"", ""return"", ""AFTER""]]",AFTER
te3_test_bbc_20130322_332_l9,tempeval_relation,BEFORE,UNKNOWN,0,0,1,0.0,0.0,,1,0,"Title:
BP to buy back $8bn in shares after Russian sale

Passage:
It said it ""expected to return to BP shareholders an amount equivalent to the value of the company's original investment in TNK-BP"".

Determine the temporal relation between the following event mentions.
- investment [ei8]
- said [ei5]

Use one of: BEFORE, AFTER, SIMULTANEOUS, UNKNOWN.","[[""investment [ei8]"", ""said [ei5]"", ""BEFORE""]]",[],UNKNOWN
te3_test_bbc_20130322_332_l12,tempeval_relation,AFTER,AFTER,1,1,1,1.0,1.0,,0,0,"Title:
BP to buy back $8bn in shares after Russian sale

Passage:
It said it ""expected to return to BP shareholders an amount equivalent to the value of the company's original investment in TNK-BP"". BP agreed to sell back its 50% stake in TNK-BP to Russia's Rosneft in October in return for $17.1bn in cash and shares.

Determine the temporal relation between the following event mentions.
- said [ei5]
- agreed [ei9]

Use one of: BEFORE, AFTER, SIMULTANEOUS, UNKNOWN.","[[""said [ei5]"", ""agreed [ei9]"", ""AFTER""]]","[[""said [ei5]"", ""agreed [ei9]"", ""AFTER""]]",AFTER
te3_test_bbc_20130322_332_l13,tempeval_relation,AFTER,UNKNOWN,0,0,0,0.0,0.0,0,2,1,"Title:
BP to buy back $8bn in shares after Russian sale

Passage:
BP agreed to sell back its 50% stake in TNK-BP to Russia's Rosneft in October in return for $17.1bn in cash and shares.

Determine the temporal relation between the following event mentions.
- sell [ei10]
- agreed [ei9]

Use one of: BEFORE, AFTER, SIMULTANEOUS, UNKNOWN.","[[""sell [ei10]"", ""agreed [ei9]"", ""AFTER""]]","[[""agreed"", ""sell"", ""AFTER""]]",AFTER
te3_test_bbc_20130322_332_l16,tempeval_relation,AFTER,AFTER,1,1,1,0.0,1.0,,0,0,"Title:
BP to buy back $8bn in shares after Russian sale

Passage:
BP agreed to sell back its 50% stake in TNK-BP to Russia's Rosneft in October in return for $17.1bn in cash and shares. It invested in TNK-BP in 2003.

Determine the temporal relation between the following event mentions.
- agreed [ei9]
- invested [ei11]

Use one of: BEFORE, AFTER, SIMULTANEOUS, UNKNOWN.","[[""agreed [ei9]"", ""invested [ei11]"", ""AFTER""]]","[[""invested [ei11]"", ""agreed [ei9]"", ""BEFORE""]]",BEFORE
te3_test_bbc_20130322_332_l18,tempeval_relation,BEFORE,BEFORE,1,1,1,1.0,1.0,,0,0,"Title:
BP to buy back $8bn in shares after Russian sale

Passage:
It invested in TNK-BP in 2003. BP chairman Carl-Henric Svanberg said: ""We expect our stake in Rosneft will generate long-term value for BP and its shareholders. But this buyback programme should also allow our shareholders to see benefits in the near-term from the value we have realised by reshaping our Russian business.""

Determine the temporal relation between the following event mentions.
- invested [ei11]
- said [ei12]

Use one of: BEFORE, AFTER, SIMULTANEOUS, UNKNOWN.","[[""invested [ei11]"", ""said [ei12]"", ""BEFORE""]]","[[""invested [ei11]"", ""said [ei12]"", ""BEFORE""]]",BEFORE
te3_test_bbc_20130322_332_l20,tempeval_relation,AFTER,BEFORE,0,1,1,0.0,0.0,,0,0,"Title:
BP to buy back $8bn in shares after Russian sale

Passage:
BP chairman Carl-Henric Svanberg said: ""We expect our stake in Rosneft will generate long-term value for BP and its shareholders. But this buyback programme should also allow our shareholders to see benefits in the near-term from the value we have realised by reshaping our Russian business.""

Determine the temporal relation between the following event mentions.
- generate [ei14]
- said [ei12]

Use one of: BEFORE, AFTER, SIMULTANEOUS, UNKNOWN.","[[""generate [ei14]"", ""said [ei12]"", ""AFTER""]]","[[""said [ei12]"", ""generate [ei14]"", ""AFTER""]]",AFTER
te3_test_bbc_20130322_332_l22,tempeval_relation,BEFORE,AFTER,0,1,1,0.0,0.0,,0,0,"Title:
BP to buy back $8bn in shares after Russian sale

Passage:
BP chairman Carl-Henric Svanberg said: ""We expect our stake in Rosneft will generate long-term value for BP and its shareholders. But this buyback programme should also allow our shareholders to see benefits in the near-term from the value we have realised by reshaping our Russian business.""

Determine the temporal relation between the following event mentions.
- said [ei12]
- allow [ei15]

Use one of: BEFORE, AFTER, SIMULTANEOUS, UNKNOWN.","[[""said [ei12]"", ""allow [ei15]"", ""BEFORE""]]","[[""said [ei12]"", ""allow [ei15]"", ""AFTER""]]",AFTER
te3_test_bbc_20130322_332_l23,tempeval_relation,AFTER,BEFORE,0,1,1,0.0,0.0,,0,0,"Title:
BP to buy back $8bn in shares after Russian sale

Passage:
BP chairman Carl-Henric Svanberg said: ""We expect our stake in Rosneft will generate long-term value for BP and its shareholders. But this buyback programme should also allow our shareholders to see benefits in the near-term from the value we have realised by reshaping our Russian business.""

Determine the temporal relation between the following event mentions.
- see [ei16]
- allow [ei15]

Use one of: BEFORE, AFTER, SIMULTANEOUS, UNKNOWN.","[[""see [ei16]"", ""allow [ei15]"", ""AFTER""]]","[[""allow [ei15]"", ""see [ei16]"", ""AFTER""]]",AFTER
te3_test_bbc_20130322_332_l24,tempeval_relation,BEFORE,AFTER,0,1,1,0.0,0.0,,0,0,"Title:
BP to buy back $8bn in shares after Russian sale

Passage:
BP chairman Carl-Henric Svanberg said: ""We expect our stake in Rosneft will generate long-term value for BP and its shareholders. But this buyback programme should also allow our shareholders to see benefits in the near-term from the value we have realised by reshaping our Russian business.""

Determine the temporal relation between the following event mentions.
- realised [ei17]
- allow [ei15]

Use one of: BEFORE, AFTER, SIMULTANEOUS, UNKNOWN.","[[""realised [ei17]"", ""allow [ei15]"", ""BEFORE""]]","[[""realised [ei17]"", ""allow [ei15]"", ""AFTER""]]",AFTER
te3_test_bbc_20130322_332_l25,tempeval_relation,BEFORE,AFTER,0,1,1,0.0,0.0,,0,0,"Title:
BP to buy back $8bn in shares after Russian sale

Passage:
BP chairman Carl-Henric Svanberg said: ""We expect our stake in Rosneft will generate long-term value for BP and its shareholders. But this buyback programme should also allow our shareholders to see benefits in the near-term from the value we have realised by reshaping our Russian business.""

Determine the temporal relation between the following event mentions.
- reshaping [ei18]
- allow [ei15]

Use one of: BEFORE, AFTER, SIMULTANEOUS, UNKNOWN.","[[""reshaping [ei18]"", ""allow [ei15]"", ""BEFORE""]]","[[""reshaping [ei18]"", ""allow [ei15]"", ""AFTER""]]",AFTER
te3_test_bbc_20130322_332_l29,tempeval_relation,AFTER,AFTER,1,1,1,1.0,1.0,,0,0,"Title:
BP to buy back $8bn in shares after Russian sale

Passage:
BP chairman Carl-Henric Svanberg said: ""We expect our stake in Rosneft will generate long-term value for BP and its shareholders. But this buyback programme should also allow our shareholders to see benefits in the near-term from the value we have realised by reshaping our Russian business."" BP expects the share buyback programme could take between 12 and 18 months to complete.

Determine the temporal relation between the following event mentions.
- allow [ei15]
- expects [ei19]

Use one of: BEFORE, AFTER, SIMULTANEOUS, UNKNOWN.","[[""allow [ei15]"", ""expects [ei19]"", ""AFTER""]]","[[""allow [ei15]"", ""expects [ei19]"", ""AFTER""]]",AFTER
te3_test_bbc_20130322_332_l30,tempeval_relation,AFTER,BEFORE,0,1,1,0.0,0.0,,0,0,"Title:
BP to buy back $8bn in shares after Russian sale

Passage:
BP expects the share buyback programme could take between 12 and 18 months to complete.

Determine the temporal relation between the following event mentions.
- take [ei20]
- expects [ei19]

Use one of: BEFORE, AFTER, SIMULTANEOUS, UNKNOWN.","[[""take [ei20]"", ""expects [ei19]"", ""AFTER""]]","[[""expects [ei19]"", ""take [ei20]"", ""AFTER""]]",AFTER
te3_test_bbc_20130322_332_l31,tempeval_relation,AFTER,UNKNOWN,0,0,0,0.0,0.0,0,2,1,"Title:
BP to buy back $8bn in shares after Russian sale

Passage:
BP expects the share buyback programme could take between 12 and 18 months to complete.

Determine the temporal relation between the following event mentions.
- complete [ei21]
- expects [ei19]

Use one of: BEFORE, AFTER, SIMULTANEOUS, UNKNOWN.","[[""complete [ei21]"", ""expects [ei19]"", ""AFTER""]]","[[""expects"", ""complete"", ""AFTER""]]",AFTER
te3_test_bbc_20130322_332_l33,tempeval_relation,SIMULTANEOUS,UNKNOWN,0,1,1,0.0,0.0,,0,0,"Title:
BP to buy back $8bn in shares after Russian sale

Passage:
BP expects the share buyback programme could take between 12 and 18 months to complete. ""In 2003 BP invested around $8bn in cash, shares and assets in the formation of TNK-BP,"" the oil giant said. ""Over the following decade BP received a total of $19bn in dividends from the joint venture.""

Determine the temporal relation between the following event mentions.
- expects [ei19]
- said [ei23]

Use one of: BEFORE, AFTER, SIMULTANEOUS, UNKNOWN.","[[""expects [ei19]"", ""said [ei23]"", ""SIMULTANEOUS""]]",[],UNKNOWN
te3_test_bbc_20130322_332_l34,tempeval_relation,BEFORE,BEFORE,1,1,1,1.0,1.0,,0,0,"Title:
BP to buy back $8bn in shares after Russian sale

Passage:
""In 2003 BP invested around $8bn in cash, shares and assets in the formation of TNK-BP,"" the oil giant said. ""Over the following decade BP received a total of $19bn in dividends from the joint venture.""

Determine the temporal relation between the following event mentions.
- invested [ei22]
- said [ei23]

Use one of: BEFORE, AFTER, SIMULTANEOUS, UNKNOWN.","[[""invested [ei22]"", ""said [ei23]"", ""BEFORE""]]","[[""invested [ei22]"", ""said [ei23]"", ""BEFORE""]]",BEFORE
te3_test_bbc_20130322_332_l37,tempeval_relation,AFTER,UNKNOWN,0,0,0,0.0,0.0,0,2,1,"Title:
BP to buy back $8bn in shares after Russian sale

Passage:
""In 2003 BP invested around $8bn in cash, shares and assets in the formation of TNK-BP,"" the oil giant said. ""Over the following decade BP received a total of $19bn in dividends from the joint venture.""

Determine the temporal relation between the following event mentions.
- said [ei23]
- received [ei24]

Use one of: BEFORE, AFTER, SIMULTANEOUS, UNKNOWN.","[[""said [ei23]"", ""received [ei24]"", ""AFTER""]]","[[""ei23"", ""ei24"", ""AFTER""]]",AFTER
te3_test_bbc_20130322_332_l44,tempeval_relation,AFTER,AFTER,1,1,1,0.0,1.0,,0,0,"Title:
BP to buy back $8bn in shares after Russian sale

Passage:
Although BP's involvement in the Russian joint venture has been lucrative, relations with its partners have often been fraught with disagreement. In 2011, the AAR consortium attempted to block a drilling joint venture in the Arctic between BP and Rosneft through the courts and the plan was eventually dropped.

Determine the temporal relation between the following event mentions.
- block [ei28]
- attempted [ei27]

Use one of: BEFORE, AFTER, SIMULTANEOUS, UNKNOWN.","[[""block [ei28]"", ""attempted [ei27]"", ""AFTER""]]","[[""attempted [ei27]"", ""block [ei28]"", ""BEFORE""]]",BEFORE
te3_test_bbc_20130322_332_l45,tempeval_relation,AFTER,UNKNOWN,0,0,0,0.0,0.0,0,2,1,"Title:
BP to buy back $8bn in shares after Russian sale

Passage:
Although BP's involvement in the Russian joint venture has been lucrative, relations with its partners have often been fraught with disagreement. In 2011, the AAR consortium attempted to block a drilling joint venture in the Arctic between BP and Rosneft through the courts and the plan was eventually dropped.

Determine the temporal relation between the following event mentions.
- dropped [ei29]
- attempted [ei27]

Use one of: BEFORE, AFTER, SIMULTANEOUS, UNKNOWN.","[[""dropped [ei29]"", ""attempted [ei27]"", ""AFTER""]]","[[""attempted"", ""dropped"", ""BEFORE""]]",BEFORE
te3_test_bbc_20130322_332_l58,tempeval_relation,BEFORE,UNKNOWN,0,1,1,0.0,0.0,,0,0,"Title:
BP to buy back $8bn in shares after Russian sale

Passage:
He eventually fled the country in 2008. But the tie-up with Rosneft will keep BP in Russia, allowing it to continue to explore and exploit the country's vast energy resources, including in the Arctic region. And Rosneft benefits from BP's expertise in exploring in difficult and potentially hazardous conditions.

Determine the temporal relation between the following event mentions.
- fled [ei36]
- keep [ei37]

Use one of: BEFORE, AFTER, SIMULTANEOUS, UNKNOWN.","[[""fled [ei36]"", ""keep [ei37]"", ""BEFORE""]]",[],UNKNOWN
te3_test_bbc_20130322_332_l117,tempeval_relation,AFTER,BEFORE,0,1,1,0.0,0.0,,0,0,"Title:
BP to buy back $8bn in shares after Russian sale

Passage:
BP chairman Carl-Henric Svanberg said: ""We expect our stake in Rosneft will generate long-term value for BP and its shareholders. But this buyback programme should also allow our shareholders to see benefits in the near-term from the value we have realised by reshaping our Russian business.""

Determine the temporal relation between the following event mentions.
- see [ei16]
- realised [ei17]

Use one of: BEFORE, AFTER, SIMULTANEOUS, UNKNOWN.","[[""see [ei16]"", ""realised [ei17]"", ""AFTER""]]","[[""realised [ei17]"", ""see [ei16]"", ""AFTER""]]",AFTER
te3_test_bbc_20130322_721_l3,tempeval_relation,AFTER,UNKNOWN,0,0,1,0.0,0.0,,1,0,"Title:
Russian police raid rights group Memorial and other NGOs

Passage:
Russian police and tax inspectors have raided the offices of the human rights group Memorial and other civil society groups which get foreign funding. Memorial is famous for documenting human rights abuses in Russia.

Determine the temporal relation between the following event mentions.
- raided [ei1]
- documenting [ei2]

Use one of: BEFORE, AFTER, SIMULTANEOUS, UNKNOWN.","[[""raided [ei1]"", ""documenting [ei2]"", ""AFTER""]]",[],UNKNOWN
te3_test_bbc_20130322_721_l4,tempeval_relation,BEFORE,UNKNOWN,0,0,0,0.0,0.0,0,2,1,"Title:
Russian police raid rights group Memorial and other NGOs

Passage:
Memorial is famous for documenting human rights abuses in Russia.

Determine the temporal relation between the following event mentions.
- abuses [ei3]
- documenting [ei2]

Use one of: BEFORE, AFTER, SIMULTANEOUS, UNKNOWN.","[[""abuses [ei3]"", ""documenting [ei2]"", ""BEFORE""]]","[[""documenting"", ""abuses"", ""BEFORE""]]",BEFORE
te3_test_bbc_20130322_721_l20,tempeval_relation,BEFORE,AFTER,0,1,1,0.0,0.0,,0,0,"Title:
Russian police raid rights group Memorial and other NGOs

Passage:
Memorial says inspectors returned to its Moscow offices on Friday, having already seized 600 documents including accounts on Thursday.

Determine the temporal relation between the following event mentions.
- returned [ei13]
- says [ei12]

Use one of: BEFORE, AFTER, SIMULTANEOUS, UNKNOWN.","[[""returned [ei13]"", ""says [ei12]"", ""BEFORE""]]","[[""says [ei12]"", ""returned [ei13]"", ""BEFORE""]]",BEFORE
te3_test_bbc_20130322_721_l21,tempeval_relation,BEFORE,AFTER,0,1,1,0.0,0.0,,0,0,"Title:
Russian police raid rights group Memorial and other NGOs

Passage:
Memorial says inspectors returned to its Moscow offices on Friday, having already seized 600 documents including accounts on Thursday.

Determine the temporal relation between the following event mentions.
- seized [ei14]
- says [ei12]

Use one of: BEFORE, AFTER, SIMULTANEOUS, UNKNOWN.","[[""seized [ei14]"", ""says [ei12]"", ""BEFORE""]]","[[""says [ei12]"", ""seized [ei14]"", ""BEFORE""]]",BEFORE
te3_test_bbc_20130322_721_l22,tempeval_relation,BEFORE,BEFORE,1,1,1,1.0,1.0,,0,0,"Title:
Russian police raid rights group Memorial and other NGOs

Passage:
Memorial says inspectors returned to its Moscow offices on Friday, having already seized 600 documents including accounts on Thursday.

Determine the temporal relation between the following event mentions.
- seized [ei1000014]
- says [ei12]

Use one of: BEFORE, AFTER, SIMULTANEOUS, UNKNOWN.","[[""seized [ei1000014]"", ""says [ei12]"", ""BEFORE""]]","[[""seized [ei1000014]"", ""says [ei12]"", ""BEFORE""]]",BEFORE
te3_test_bbc_20130322_721_l25,tempeval_relation,BEFORE,AFTER,0,1,1,0.0,0.0,,0,0,"Title:
Russian police raid rights group Memorial and other NGOs

Passage:
A statement on the Memorial website said the inspections were directly linked to the new law on NGOs and the targeted groups' compliance with it.

Determine the temporal relation between the following event mentions.
- linked [ei16]
- said [ei15]

Use one of: BEFORE, AFTER, SIMULTANEOUS, UNKNOWN.","[[""linked [ei16]"", ""said [ei15]"", ""BEFORE""]]","[[""said [ei15]"", ""linked [ei16]"", ""BEFORE""]]",BEFORE
te3_test_bbc_20130322_721_l28,tempeval_relation,AFTER,AFTER,1,1,1,0.0,1.0,,0,0,"Title:
Russian police raid rights group Memorial and other NGOs

Passage:
Memorial director Arseny Roginsky, quoted by the Russian news website Vesti, said it was ""a complete check on everything concerned with our sources of funding"".

Determine the temporal relation between the following event mentions.
- quoted [ei17]
- said [ei18]

Use one of: BEFORE, AFTER, SIMULTANEOUS, UNKNOWN.","[[""quoted [ei17]"", ""said [ei18]"", ""AFTER""]]","[[""said [ei18]"", ""quoted [ei17]"", ""BEFORE""]]",BEFORE
te3_test_bbc_20130322_721_l29,tempeval_relation,BEFORE,UNKNOWN,0,1,1,0.0,0.0,,0,0,"Title:
Russian police raid rights group Memorial and other NGOs

Passage:
Memorial director Arseny Roginsky, quoted by the Russian news website Vesti, said it was ""a complete check on everything concerned with our sources of funding"".

Determine the temporal relation between the following event mentions.
- was [ei19]
- said [ei18]

Use one of: BEFORE, AFTER, SIMULTANEOUS, UNKNOWN.","[[""was [ei19]"", ""said [ei18]"", ""BEFORE""]]",[],UNKNOWN
te3_test_bbc_20130322_721_l32,tempeval_relation,SIMULTANEOUS,UNKNOWN,0,1,1,0.0,0.0,,0,0,"Title:
Russian police raid rights group Memorial and other NGOs

Passage:
Memorial director Arseny Roginsky, quoted by the Russian news website Vesti, said it was ""a complete check on everything concerned with our sources of funding"". He insisted that the NGO law ""will not change our position at all"". ""We won't refuse foreign donations, nor will we register as a 'foreign agent',"" he said.

Determine the temporal relation between the following event mentions.
- said [ei18]
- insisted [ei21]

Use one of: BEFORE, AFTER, SIMULTANEOUS, UNKNOWN.","[[""said [ei18]"", ""insisted [ei21]"", ""SIMULTANEOUS""]]",[],UNKNOWN
te3_test_bbc_20130322_721_l33,tempeval_relation,AFTER,UNKNOWN,0,1,1,0.0,0.0,,0,0,"Title:
Russian police raid rights group Memorial and other NGOs

Passage:
He insisted that the NGO law ""will not change our position at all"". ""We won't refuse foreign donations, nor will we register as a 'foreign agent',"" he said.

Determine the temporal relation between the following event mentions.
- change [ei22]
- insisted [ei21]

Use one of: BEFORE, AFTER, SIMULTANEOUS, UNKNOWN.","[[""change [ei22]"", ""insisted [ei21]"", ""AFTER""]]",[],UNKNOWN
te3_test_bbc_20130322_721_l35,tempeval_relation,SIMULTANEOUS,UNKNOWN,0,1,1,0.0,0.0,,0,0,"Title:
Russian police raid rights group Memorial and other NGOs

Passage:
He insisted that the NGO law ""will not change our position at all"". ""We won't refuse foreign donations, nor will we register as a 'foreign agent',"" he said.

Determine the temporal relation between the following event mentions.
- insisted [ei21]
- said [ei25]

Use one of: BEFORE, AFTER, SIMULTANEOUS, UNKNOWN.","[[""insisted [ei21]"", ""said [ei25]"", ""SIMULTANEOUS""]]",[],UNKNOWN
te3_test_bbc_20130322_721_l36,tempeval_relation,AFTER,UNKNOWN,0,1,1,0.0,0.0,,0,0,"Title:
Russian police raid rights group Memorial and other NGOs

Passage:
He insisted that the NGO law ""will not change our position at all"". ""We won't refuse foreign donations, nor will we register as a 'foreign agent',"" he said.

Determine the temporal relation between the following event mentions.
- refuse [ei23]
- said [ei25]

Use one of: BEFORE, AFTER, SIMULTANEOUS, UNKNOWN.","[[""refuse [ei23]"", ""said [ei25]"", ""AFTER""]]",[],UNKNOWN
te3_test_bbc_20130322_721_l37,tempeval_relation,AFTER,UNKNOWN,0,1,1,0.0,0.0,,0,0,"Title:
Russian police raid rights group Memorial and other NGOs

Passage:
He insisted that the NGO law ""will not change our position at all"". ""We won't refuse foreign donations, nor will we register as a 'foreign agent',"" he said.

Determine the temporal relation between the following event mentions.
- register [ei24]
- said [ei25]

Use one of: BEFORE, AFTER, SIMULTANEOUS, UNKNOWN.","[[""register [ei24]"", ""said [ei25]"", ""AFTER""]]",[],UNKNOWN
te3_test_bbc_20130322_721_l100,tempeval_relation,SIMULTANEOUS,AFTER,0,1,1,0.0,0.0,,0,0,"Title:
Russian police raid rights group Memorial and other NGOs

Passage:
Russian police and tax inspectors have raided the offices of the human rights group Memorial and other civil society groups which get foreign funding. Memorial is famous for documenting human rights abuses in Russia. The US embassy in Moscow has voiced concern and asked the Russian government for an explanation. A new Russian law says foreign-funded non-governmental groups (NGOs) linked to politics must register as ""foreign agents"" - a term which suggests spying. In the worst repressions of the Soviet period the label ""foreign agents"" was used to denounce dissidents - or simply political rivals of Joseph Stalin - and could lead to execution. Memorial says inspectors returned to its Moscow offices on Friday, having already seized 600 documents including accounts on Thursday.

Determine the temporal relation between the following event mentions.
- seized [ei14]
- raided [ei1]

Use one of: BEFORE, AFTER, SIMULTANEOUS, UNKNOWN.","[[""seized [ei14]"", ""raided [ei1]"", ""SIMULTANEOUS""]]","[[""raided [ei1]"", ""seized [ei14]"", ""BEFORE""]]",BEFORE
te3_test_bbc_20130322_721_l104,tempeval_relation,SIMULTANEOUS,BEFORE,0,1,1,0.0,0.0,,0,0,"Title:
Russian police raid rights group Memorial and other NGOs

Passage:
The US embassy in Moscow has voiced concern and asked the Russian government for an explanation.

Determine the temporal relation between the following event mentions.
- voiced [ei4]
- asked [ei5]

Use one of: BEFORE, AFTER, SIMULTANEOUS, UNKNOWN.","[[""voiced [ei4]"", ""asked [ei5]"", ""SIMULTANEOUS""]]","[[""voiced [ei4]"", ""asked [ei5]"", ""BEFORE""]]",BEFORE
te3_test_bbc_20130322_721_l105,tempeval_relation,BEFORE,BEFORE,1,1,1,1.0,1.0,,0,0,"Title:
Russian police raid rights group Memorial and other NGOs

Passage:
The US embassy in Moscow has voiced concern and asked the Russian government for an explanation.

Determine the temporal relation between the following event mentions.
- asked [ei5]
- explanation [ei1000]

Use one of: BEFORE, AFTER, SIMULTANEOUS, UNKNOWN.","[[""asked [ei5]"", ""explanation [ei1000]"", ""BEFORE""]]","[[""asked [ei5]"", ""explanation [ei1000]"", ""BEFORE""]]",BEFORE
te3_test_bbc_20130322_721_l106,tempeval_relation,BEFORE,UNKNOWN,0,1,1,0.0,0.0,,0,0,"Title:
Russian police raid rights group Memorial and other NGOs

Passage:
In the worst repressions of the Soviet period the label ""foreign agents"" was used to denounce dissidents - or simply political rivals of Joseph Stalin - and could lead to execution.

Determine the temporal relation between the following event mentions.
- lead [ei11]
- execution [ei1000017]

Use one of: BEFORE, AFTER, SIMULTANEOUS, UNKNOWN.","[[""lead [ei11]"", ""execution [ei1000017]"", ""BEFORE""]]",[],UNKNOWN
te3_test_bbc_20130322_721_l108,tempeval_relation,BEFORE,UNKNOWN,0,1,1,0.0,0.0,,0,0,"Title:
Russian police raid rights group Memorial and other NGOs

Passage:
He insisted that the NGO law ""will not change our position at all"". ""We won't refuse foreign donations, nor will we register as a 'foreign agent',"" he said.

Determine the temporal relation between the following event mentions.
- insisted [ei21]
- register [ei24]

Use one of: BEFORE, AFTER, SIMULTANEOUS, UNKNOWN.","[[""insisted [ei21]"", ""register [ei24]"", ""BEFORE""]]",[],UNKNOWN
te3_test_nyt_20130321_china_pollution_l8,tempeval_relation,SIMULTANEOUS,UNKNOWN,0,1,1,0.0,0.0,,0,0,"Title:
As Pollution Worsens in China, Solutions Succumb to Infighting

Passage:
China's state leadership transition has taken place this month against an ominous backdrop. More than 16,000 dead pigs have been found floating in rivers that provide drinking water to Shanghai. A haze akin to volcanic fumes cloaked the capital, causing convulsive coughing and obscuring the portrait of Mao Zedong on the gate to the Forbidden City.

Determine the temporal relation between the following event mentions.
- causing [ei5]
- cloaked [ei4]

Use one of: BEFORE, AFTER, SIMULTANEOUS, UNKNOWN.","[[""causing [ei5]"", ""cloaked [ei4]"", ""SIMULTANEOUS""]]",[],UNKNOWN
te3_test_nyt_20130321_china_pollution_l10,tempeval_relation,SIMULTANEOUS,SIMULTANEOUS,1,1,1,1.0,0.0,,0,0,"Title:
As Pollution Worsens in China, Solutions Succumb to Infighting

Passage:
China's state leadership transition has taken place this month against an ominous backdrop. More than 16,000 dead pigs have been found floating in rivers that provide drinking water to Shanghai. A haze akin to volcanic fumes cloaked the capital, causing convulsive coughing and obscuring the portrait of Mao Zedong on the gate to the Forbidden City.

Determine the temporal relation between the following event mentions.
- obscuring [ei7]
- cloaked [ei4]

Use one of: BEFORE, AFTER, SIMULTANEOUS, UNKNOWN.","[[""obscuring [ei7]"", ""cloaked [ei4]"", ""SIMULTANEOUS""]]","[[""obscuring [ei7]"", ""cloaked [ei4]"", ""SIMULTANEOUS""]]",SIMULTANEOUS
te3_test_nyt_20130321_china_pollution_l14,tempeval_relation,AFTER,UNKNOWN,0,1,1,0.0,0.0,,0,0,"Title:
As Pollution Worsens in China, Solutions Succumb to Infighting

Passage:
So severe are China's environmental woes, especially the noxious air, that top government officials have been forced to openly acknowledge them. Fu Ying, the spokeswoman for the National People's Congress, said she checked for smog every morning after opening her curtains and kept at home face masks for her daughter and herself. Li Keqiang, the new prime minister, said the air pollution had made him ""quite upset"" and vowed to ""show even greater resolve and make more vigorous efforts"" to clean it up.

Determine the temporal relation between the following event mentions.
- acknowledge [ei9]
- forced [ei8]

Use one of: BEFORE, AFTER, SIMULTANEOUS, UNKNOWN.","[[""acknowledge [ei9]"", ""forced [ei8]"", ""AFTER""]]",[],UNKNOWN
te3_test_nyt_20130321_china_pollution_l18,tempeval_relation,BEFORE,UNKNOWN,0,1,1,0.0,0.0,,0,0,"Title:
As Pollution Worsens in China, Solutions Succumb to Infighting

Passage:
So severe are China's environmental woes, especially the noxious air, that top government officials have been forced to openly acknowledge them. Fu Ying, the spokeswoman for the National People's Congress, said she checked for smog every morning after opening her curtains and kept at home face masks for her daughter and herself. Li Keqiang, the new prime minister, said the air pollution had made him ""quite upset"" and vowed to ""show even greater resolve and make more vigorous efforts"" to clean it up.

Determine the temporal relation between the following event mentions.
- checked [ei11]
- said [ei10]

Use one of: BEFORE, AFTER, SIMULTANEOUS, UNKNOWN.","[[""checked [ei11]"", ""said [ei10]"", ""BEFORE""]]",[],UNKNOWN
te3_test_nyt_20130321_china_pollution_l20,tempeval_relation,BEFORE,UNKNOWN,0,1,1,0.0,0.0,,0,0,"Title:
As Pollution Worsens in China, Solutions Succumb to Infighting

Passage:
So severe are China's environmental woes, especially the noxious air, that top government officials have been forced to openly acknowledge them. Fu Ying, the spokeswoman for the National People's Congress, said she checked for smog every morning after opening her curtains and kept at home face masks for her daughter and herself. Li Keqiang, the new prime minister, said the air pollution had made him ""quite upset"" and vowed to ""show even greater resolve and make more vigorous efforts"" to clean it up.

Determine the temporal relation between the following event mentions.
- kept [ei13]
- said [ei10]

Use one of: BEFORE, AFTER, SIMULTANEOUS, UNKNOWN.","[[""kept [ei13]"", ""said [ei10]"", ""BEFORE""]]",[],UNKNOWN
te3_test_nyt_20130321_china_pollution_l23,tempeval_relation,BEFORE,AFTER,0,1,1,0.0,0.0,,0,0,"Title:
As Pollution Worsens in China, Solutions Succumb to Infighting

Passage:
So severe are China's environmental woes, especially the noxious air, that top government officials have been forced to openly acknowledge them. Fu Ying, the spokeswoman for the National People's Congress, said she checked for smog every morning after opening her curtains and kept at home face masks for her daughter and herself. Li Keqiang, the new prime minister, said the air pollution had made him ""quite upset"" and vowed to ""show even greater resolve and make more vigorous efforts"" to clean it up.

Determine the temporal relation between the following event mentions.
- made [ei15]
- said [ei14]

Use one of: BEFORE, AFTER, SIMULTANEOUS, UNKNOWN.","[[""made [ei15]"", ""said [ei14]"", ""BEFORE""]]","[[""said [ei14]"", ""made [ei15]"", ""BEFORE""]]",BEFORE
te3_test_nyt_20130321_china_pollution_l24,tempeval_relation,SIMULTANEOUS,AFTER,0,1,1,0.0,0.0,,0,0,"Title:
As Pollution Worsens in China, Solutions Succumb to Infighting

Passage:
So severe are China's environmental woes, especially the noxious air, that top government officials have been forced to openly acknowledge them. Fu Ying, the spokeswoman for the National People's Congress, said she checked for smog every morning after opening her curtains and kept at home face masks for her daughter and herself. Li Keqiang, the new prime minister, said the air pollution had made him ""quite upset"" and vowed to ""show even greater resolve and make more vigorous efforts"" to clean it up.

Determine the temporal relation between the following event mentions.
- vowed [ei16]
- said [ei14]

Use one of: BEFORE, AFTER, SIMULTANEOUS, UNKNOWN.","[[""vowed [ei16]"", ""said [ei14]"", ""SIMULTANEOUS""]]","[[""said [ei14]"", ""vowed [ei16]"", ""BEFORE""]]",BEFORE
te3_test_nyt_20130321_china_pollution_l25,tempeval_relation,AFTER,AFTER,1,1,1,0.0,1.0,,0,0,"Title:
As Pollution Worsens in China, Solutions Succumb to Infighting

Passage:
So severe are China's environmental woes, especially the noxious air, that top government officials have been forced to openly acknowledge them. Fu Ying, the spokeswoman for the National People's Congress, said she checked for smog every morning after opening her curtains and kept at home face masks for her daughter and herself. Li Keqiang, the new prime minister, said the air pollution had made him ""quite upset"" and vowed to ""show even greater resolve and make more vigorous efforts"" to clean it up.

Determine the temporal relation between the following event mentions.
- show [ei17]
- said [ei14]

Use one of: BEFORE, AFTER, SIMULTANEOUS, UNKNOWN.","[[""show [ei17]"", ""said [ei14]"", ""AFTER""]]","[[""said [ei14]"", ""show [ei17]"", ""BEFORE""]]",BEFORE
te3_test_nyt_20130321_china_pollution_l28,tempeval_relation,AFTER,UNKNOWN,0,1,1,0.0,0.0,,0,0,"Title:
As Pollution Worsens in China, Solutions Succumb to Infighting

Passage:
So severe are China's environmental woes, especially the noxious air, that top government officials have been forced to openly acknowledge them. Fu Ying, the spokeswoman for the National People's Congress, said she checked for smog every morning after opening her curtains and kept at home face masks for her daughter and herself. Li Keqiang, the new prime minister, said the air pollution had made him ""quite upset"" and vowed to ""show even greater resolve and make more vigorous efforts"" to clean it up.

Determine the temporal relation between the following event mentions.
- clean [ei20]
- said [ei14]

Use one of: BEFORE, AFTER, SIMULTANEOUS, UNKNOWN.","[[""clean [ei20]"", ""said [ei14]"", ""AFTER""]]",[],UNKNOWN
te3_test_nyt_20130321_china_pollution_l32,tempeval_relation,AFTER,UNKNOWN,0,1,1,0.0,0.0,,0,0,"Title:
As Pollution Worsens in China, Solutions Succumb to Infighting

Passage:
So severe are China's environmental woes, especially the noxious air, that top government officials have been forced to openly acknowledge them. Fu Ying, the spokeswoman for the National People's Congress, said she checked for smog every morning after opening her curtains and kept at home face masks for her daughter and herself. Li Keqiang, the new prime minister, said the air pollution had made him ""quite upset"" and vowed to ""show even greater resolve and make more vigorous efforts"" to clean it up. Last month, after deadly air pollution hit record levels in northern China, officials led byWen Jiabao, then the prime minister, put forward strict new fuel standards that the oil companies had blocked for years. But there are doubts about whether the oil companies will comply, especially since oil officials resisted a similar government order for higher-grade fuel four years ago. State-owned power companies have been similarly resistant. The companies regularly ignore government orders to upgrade coal-burning electricity plants, according to ministry data. And as with the oil companies, the power companies exert an outsize influence over environmental policy debates.

Determine the temporal relation between the following event mentions.
- said [ei14]
- led [ei22]

Use one of: BEFORE, AFTER, SIMULTANEOUS, UNKNOWN.","[[""said [ei14]"", ""led [ei22]"", ""AFTER""]]",[],UNKNOWN
te3_test_nyt_20130321_china_pollution_l33,tempeval_relation,BEFORE,UNKNOWN,0,1,1,0.0,0.0,,0,0,"Title:
As Pollution Worsens in China, Solutions Succumb to Infighting

Passage:
Last month, after deadly air pollution hit record levels in northern China, officials led byWen Jiabao, then the prime minister, put forward strict new fuel standards that the oil companies had blocked for years. But there are doubts about whether the oil companies will comply, especially since oil officials resisted a similar government order for higher-grade fuel four years ago. State-owned power companies have been similarly resistant. The companies regularly ignore government orders to upgrade coal-burning electricity plants, according to ministry data. And as with the oil companies, the power companies exert an outsize influence over environmental policy debates.

Determine the temporal relation between the following event mentions.
- hit [ei21]
- led [ei22]

Use one of: BEFORE, AFTER, SIMULTANEOUS, UNKNOWN.","[[""hit [ei21]"", ""led [ei22]"", ""BEFORE""]]",[],UNKNOWN
te3_test_nyt_20130321_china_pollution_l34,tempeval_relation,SIMULTANEOUS,AFTER,0,1,1,0.0,0.0,,0,0,"Title:
As Pollution Worsens in China, Solutions Succumb to Infighting

Passage:
Last month, after deadly air pollution hit record levels in northern China, officials led byWen Jiabao, then the prime minister, put forward strict new fuel standards that the oil companies had blocked for years. But there are doubts about whether the oil companies will comply, especially since oil officials resisted a similar government order for higher-grade fuel four years ago. State-owned power companies have been similarly resistant. The companies regularly ignore government orders to upgrade coal-burning electricity plants, according to ministry data. And as with the oil companies, the power companies exert an outsize influence over environmental policy debates.

Determine the temporal relation between the following event mentions.
- put [ei23]
- led [ei22]

Use one of: BEFORE, AFTER, SIMULTANEOUS, UNKNOWN.","[[""put [ei23]"", ""led [ei22]"", ""SIMULTANEOUS""]]","[[""led [ei22]"", ""put [ei23]"", ""BEFORE""]]",BEFORE
te3_test_nyt_20130321_china_pollution_l37,tempeval_relation,BEFORE,UNKNOWN,0,1,1,0.0,0.0,,0,0,"Title:
As Pollution Worsens in China, Solutions Succumb to Infighting

Passage:
Last month, after deadly air pollution hit record levels in northern China, officials led byWen Jiabao, then the prime minister, put forward strict new fuel standards that the oil companies had blocked for years. But there are doubts about whether the oil companies will comply, especially since oil officials resisted a similar government order for higher-grade fuel four years ago. State-owned power companies have been similarly resistant. The companies regularly ignore government orders to upgrade coal-burning electricity plants, according to ministry data. And as with the oil companies, the power companies exert an outsize influence over environmental policy debates.

Determine the temporal relation between the following event mentions.
- led [ei22]
- comply [ei24]

Use one of: BEFORE, AFTER, SIMULTANEOUS, UNKNOWN.","[[""led [ei22]"", ""comply [ei24]"", ""BEFORE""]]",[],UNKNOWN
te3_test_nyt_20130321_china_pollution_l38,tempeval_relation,BEFORE,UNKNOWN,0,1,1,0.0,0.0,,0,0,"Title:
As Pollution Worsens in China, Solutions Succumb to Infighting

Passage:
Last month, after deadly air pollution hit record levels in northern China, officials led byWen Jiabao, then the prime minister, put forward strict new fuel standards that the oil companies had blocked for years. But there are doubts about whether the oil companies will comply, especially since oil officials resisted a similar government order for higher-grade fuel four years ago. State-owned power companies have been similarly resistant. The companies regularly ignore government orders to upgrade coal-burning electricity plants, according to ministry data. And as with the oil companies, the power companies exert an outsize influence over environmental policy debates.

Determine the temporal relation between the following event mentions.
- resisted [ei25]
- comply [ei24]

Use one of: BEFORE, AFTER, SIMULTANEOUS, UNKNOWN.","[[""resisted [ei25]"", ""comply [ei24]"", ""BEFORE""]]",[],UNKNOWN
te3_test_nyt_20130321_china_pollution_l51,tempeval_relation,AFTER,AFTER,1,1,1,0.0,1.0,,0,0,"Title:
As Pollution Worsens in China, Solutions Succumb to Infighting

Passage:
In 2011, during a round of discussions over stricter emissions standards, the China Electricity Council, which represents the companies, pushed back hard against the proposals, saying that the costs of upgrading the plants would be too high.

Determine the temporal relation between the following event mentions.
- upgrading [ei32]
- pushed [ei30]

Use one of: BEFORE, AFTER, SIMULTANEOUS, UNKNOWN.","[[""upgrading [ei32]"", ""pushed [ei30]"", ""AFTER""]]","[[""pushed [ei30]"", ""upgrading [ei32]"", ""BEFORE""]]",BEFORE
te3_test_nyt_20130321_china_pollution_l56,tempeval_relation,BEFORE,BEFORE,1,1,1,1.0,1.0,,0,0,"Title:
As Pollution Worsens in China, Solutions Succumb to Infighting

Passage:
In 2011, during a round of discussions over stricter emissions standards, the China Electricity Council, which represents the companies, pushed back hard against the proposals, saying that the costs of upgrading the plants would be too high. On Feb. 28, Deutsche Bank released an analysts' note saying that China's current economic policies would result in an enormous surge in coal consumption and automobile sales over the next decade. ""China's air pollution will become a lot worse from the already unbearable level,"" the analysts said, calling for drastic policy changes and ""a strong government will to overcome the opposition from interest groups.""

Determine the temporal relation between the following event mentions.
- pushed [ei30]
- released [ei33]

Use one of: BEFORE, AFTER, SIMULTANEOUS, UNKNOWN.","[[""pushed [ei30]"", ""released [ei33]"", ""BEFORE""]]","[[""pushed [ei30]"", ""released [ei33]"", ""BEFORE""]]",BEFORE
te3_test_nyt_20130321_china_pollution_l59,tempeval_relation,AFTER,AFTER,1,1,1,0.0,1.0,,0,0,"Title:
As Pollution Worsens in China, Solutions Succumb to Infighting

Passage:
On Feb. 28, Deutsche Bank released an analysts' note saying that China's current economic policies would result in an enormous surge in coal consumption and automobile sales over the next decade. ""China's air pollution will become a lot worse from the already unbearable level,"" the analysts said, calling for drastic policy changes and ""a strong government will to overcome the opposition from interest groups.""

Determine the temporal relation between the following event mentions.
- surge [ei36]
- released [ei33]

Use one of: BEFORE, AFTER, SIMULTANEOUS, UNKNOWN.","[[""surge [ei36]"", ""released [ei33]"", ""AFTER""]]","[[""released [ei33]"", ""surge [ei36]"", ""BEFORE""]]",BEFORE
te3_test_nyt_20130321_china_pollution_l61,tempeval_relation,SIMULTANEOUS,BEFORE,0,1,1,0.0,0.0,,0,0,"Title:
As Pollution Worsens in China, Solutions Succumb to Infighting

Passage:
On Feb. 28, Deutsche Bank released an analysts' note saying that China's current economic policies would result in an enormous surge in coal consumption and automobile sales over the next decade. ""China's air pollution will become a lot worse from the already unbearable level,"" the analysts said, calling for drastic policy changes and ""a strong government will to overcome the opposition from interest groups.""

Determine the temporal relation between the following event mentions.
- released [ei33]
- said [ei38]

Use one of: BEFORE, AFTER, SIMULTANEOUS, UNKNOWN.","[[""released [ei33]"", ""said [ei38]"", ""SIMULTANEOUS""]]","[[""released [ei33]"", ""said [ei38]"", ""BEFORE""]]",BEFORE
te3_test_nyt_20130321_china_pollution_l62,tempeval_relation,AFTER,AFTER,1,1,1,0.0,1.0,,0,0,"Title:
As Pollution Worsens in China, Solutions Succumb to Infighting

Passage:
On Feb. 28, Deutsche Bank released an analysts' note saying that China's current economic policies would result in an enormous surge in coal consumption and automobile sales over the next decade. ""China's air pollution will become a lot worse from the already unbearable level,"" the analysts said, calling for drastic policy changes and ""a strong government will to overcome the opposition from interest groups.""

Determine the temporal relation between the following event mentions.
- become [ei37]
- said [ei38]

Use one of: BEFORE, AFTER, SIMULTANEOUS, UNKNOWN.","[[""become [ei37]"", ""said [ei38]"", ""AFTER""]]","[[""said [ei38]"", ""become [ei37]"", ""BEFORE""]]",BEFORE
te3_test_nyt_20130321_china_pollution_l63,tempeval_relation,SIMULTANEOUS,AFTER,0,1,1,0.0,0.0,,0,0,"Title:
As Pollution Worsens in China, Solutions Succumb to Infighting

Passage:
On Feb. 28, Deutsche Bank released an analysts' note saying that China's current economic policies would result in an enormous surge in coal consumption and automobile sales over the next decade. ""China's air pollution will become a lot worse from the already unbearable level,"" the analysts said, calling for drastic policy changes and ""a strong government will to overcome the opposition from interest groups.""

Determine the temporal relation between the following event mentions.
- calling [ei39]
- said [ei38]

Use one of: BEFORE, AFTER, SIMULTANEOUS, UNKNOWN.","[[""calling [ei39]"", ""said [ei38]"", ""SIMULTANEOUS""]]","[[""said [ei38]"", ""calling [ei39]"", ""BEFORE""]]",BEFORE
te3_test_nyt_20130321_china_pollution_l64,tempeval_relation,AFTER,AFTER,1,1,1,0.0,1.0,,0,0,"Title:
As Pollution Worsens in China, Solutions Succumb to Infighting

Passage:
On Feb. 28, Deutsche Bank released an analysts' note saying that China's current economic policies would result in an enormous surge in coal consumption and automobile sales over the next decade. ""China's air pollution will become a lot worse from the already unbearable level,"" the analysts said, calling for drastic policy changes and ""a strong government will to overcome the opposition from interest groups.""

Determine the temporal relation between the following event mentions.
- overcome [ei40]
- said [ei38]

Use one of: BEFORE, AFTER, SIMULTANEOUS, UNKNOWN.","[[""overcome [ei40]"", ""said [ei38]"", ""AFTER""]]","[[""said [ei38]"", ""overcome [ei40]"", ""BEFORE""]]",BEFORE
te3_test_nyt_20130321_china_pollution_l68,tempeval_relation,AFTER,UNKNOWN,0,1,1,0.0,0.0,,0,0,"Title:
As Pollution Worsens in China, Solutions Succumb to Infighting

Passage:
The report estimated that the number of passenger cars in China was on track to hit 400 million by 2030, up from 90 million now.

Determine the temporal relation between the following event mentions.
- 400 million [ei42]
- estimated [ei41]

Use one of: BEFORE, AFTER, SIMULTANEOUS, UNKNOWN.","[[""400 million [ei42]"", ""estimated [ei41]"", ""AFTER""]]",[],UNKNOWN
te3_test_nyt_20130321_china_pollution_l103,tempeval_relation,SIMULTANEOUS,BEFORE,0,1,1,0.0,0.0,,0,0,"Title:
As Pollution Worsens in China, Solutions Succumb to Infighting

Passage:
On Feb. 28, Deutsche Bank released an analysts' note saying that China's current economic policies would result in an enormous surge in coal consumption and automobile sales over the next decade. ""China's air pollution will become a lot worse from the already unbearable level,"" the analysts said, calling for drastic policy changes and ""a strong government will to overcome the opposition from interest groups.""

Determine the temporal relation between the following event mentions.
- saying [ei34]
- said [ei38]

Use one of: BEFORE, AFTER, SIMULTANEOUS, UNKNOWN.","[[""saying [ei34]"", ""said [ei38]"", ""SIMULTANEOUS""]]","[[""saying [ei34]"", ""said [ei38]"", ""BEFORE""]]",BEFORE
te3_test_nyt_20130321_china_pollution_l104,tempeval_relation,SIMULTANEOUS,BEFORE,0,1,1,0.0,0.0,,0,0,"Title:
As Pollution Worsens in China, Solutions Succumb to Infighting

Passage:
On Feb. 28, Deutsche Bank released an analysts' note saying that China's current economic policies would result in an enormous surge in coal consumption and automobile sales over the next decade. ""China's air pollution will become a lot worse from the already unbearable level,"" the analysts said, calling for drastic policy changes and ""a strong government will to overcome the opposition from interest groups."" The report estimated that the number of passenger cars in China was on track to hit 400 million by 2030, up from 90 million now.

Determine the temporal relation between the following event mentions.
- saying [ei34]
- estimated [ei41]

Use one of: BEFORE, AFTER, SIMULTANEOUS, UNKNOWN.","[[""saying [ei34]"", ""estimated [ei41]"", ""SIMULTANEOUS""]]","[[""saying [ei34]"", ""estimated [ei41]"", ""BEFORE""]]",BEFORE
te3_test_nyt_20130321_cyprus_l2020,tempeval_relation,BEFORE,AFTER,0,1,1,0.0,0.0,,0,0,"Title:
For Euro Zone, a Cyprus Exit Would Have Little Impact

Passage:
A Cyprus exit from the euro union, if it comes to that, would have a devastating effect on the country's citizens, who are among the most indebted in the euro zone. And for European unity and diplomacy, the Cyprus debacle has already been at least a short-term disaster.

Determine the temporal relation between the following event mentions.
- exit [ei2001]
- effect [ei2023]

Use one of: BEFORE, AFTER, SIMULTANEOUS, UNKNOWN.","[[""exit [ei2001]"", ""effect [ei2023]"", ""BEFORE""]]","[[""exit [ei2001]"", ""effect [ei2023]"", ""AFTER""]]",AFTER
te3_test_nyt_20130321_cyprus_l3,tempeval_relation,BEFORE,UNKNOWN,0,0,0,0.0,0.0,0,2,1,"Title:
For Euro Zone, a Cyprus Exit Would Have Little Impact

Passage:
A Cyprus exit from the euro union, if it comes to that, would have a devastating effect on the country's citizens, who are among the most indebted in the euro zone. And for European unity and diplomacy, the Cyprus debacle has already been at least a short-term disaster. ut for the broader financial system in Europe, the losses resulting from a Cypriot banking collapse and the country's return to its former currency would be minimal compared with the havoc that Greece would have created had it not been bailed out.

Determine the temporal relation between the following event mentions.
- comes [ei1]
- resulting [ei2]

Use one of: BEFORE, AFTER, SIMULTANEOUS, UNKNOWN.","[[""comes [ei1]"", ""resulting [ei2]"", ""BEFORE""]]","[[""comes"", ""resulting"", ""BEFORE""]]",BEFORE
te3_test_nyt_20130321_cyprus_l4,tempeval_relation,BEFORE,UNKNOWN,0,1,1,0.0,0.0,,0,0,"Title:
For Euro Zone, a Cyprus Exit Would Have Little Impact

Passage:
ut for the broader financial system in Europe, the losses resulting from a Cypriot banking collapse and the country's return to its former currency would be minimal compared with the havoc that Greece would have created had it not been bailed out.

Determine the temporal relation between the following event mentions.
- return [ei3]
- resulting [ei2]

Use one of: BEFORE, AFTER, SIMULTANEOUS, UNKNOWN.","[[""return [ei3]"", ""resulting [ei2]"", ""BEFORE""]]",[],UNKNOWN
te3_test_nyt_20130321_cyprus_l5,tempeval_relation,SIMULTANEOUS,AFTER,0,1,1,0.0,0.0,,0,0,"Title:
For Euro Zone, a Cyprus Exit Would Have Little Impact

Passage:
ut for the broader financial system in Europe, the losses resulting from a Cypriot banking collapse and the country's return to its former currency would be minimal compared with the havoc that Greece would have created had it not been bailed out.

Determine the temporal relation between the following event mentions.
- havoc [ei4]
- resulting [ei2]

Use one of: BEFORE, AFTER, SIMULTANEOUS, UNKNOWN.","[[""havoc [ei4]"", ""resulting [ei2]"", ""SIMULTANEOUS""]]","[[""resulting [ei2]"", ""havoc [ei4]"", ""BEFORE""]]",BEFORE
te3_test_nyt_20130321_cyprus_l6,tempeval_relation,BEFORE,UNKNOWN,0,0,1,0.0,0.0,,1,0,"Title:
For Euro Zone, a Cyprus Exit Would Have Little Impact

Passage:
ut for the broader financial system in Europe, the losses resulting from a Cypriot banking collapse and the country's return to its former currency would be minimal compared with the havoc that Greece would have created had it not been bailed out.

Determine the temporal relation between the following event mentions.
- created [ei5]
- resulting [ei2]

Use one of: BEFORE, AFTER, SIMULTANEOUS, UNKNOWN.","[[""created [ei5]"", ""resulting [ei2]"", ""BEFORE""]]",[],UNKNOWN
te3_test_nyt_20130321_cyprus_l2022,tempeval_relation,BEFORE,UNKNOWN,0,1,1,0.0,0.0,,0,0,"Title:
For Euro Zone, a Cyprus Exit Would Have Little Impact

Passage:
ut for the broader financial system in Europe, the losses resulting from a Cypriot banking collapse and the country's return to its former currency would be minimal compared with the havoc that Greece would have created had it not been bailed out.

Determine the temporal relation between the following event mentions.
- created [ei5]
- bailed [ei6]

Use one of: BEFORE, AFTER, SIMULTANEOUS, UNKNOWN.","[[""created [ei5]"", ""bailed [ei6]"", ""BEFORE""]]",[],UNKNOWN
te3_test_nyt_20130321_cyprus_l7,tempeval_relation,BEFORE,BEFORE,1,1,1,1.0,1.0,,0,0,"Title:
For Euro Zone, a Cyprus Exit Would Have Little Impact

Passage:
ut for the broader financial system in Europe, the losses resulting from a Cypriot banking collapse and the country's return to its former currency would be minimal compared with the havoc that Greece would have created had it not been bailed out.

Determine the temporal relation between the following event mentions.
- bailed [ei6]
- resulting [ei2]

Use one of: BEFORE, AFTER, SIMULTANEOUS, UNKNOWN.","[[""bailed [ei6]"", ""resulting [ei2]"", ""BEFORE""]]","[[""bailed [ei6]"", ""resulting [ei2]"", ""BEFORE""]]",BEFORE
te3_test_nyt_20130321_cyprus_l13,tempeval_relation,BEFORE,UNKNOWN,0,0,1,0.0,0.0,,1,0,"Title:
For Euro Zone, a Cyprus Exit Would Have Little Impact

Passage:
Greece may well have been too big to fail last year, but Cyprus, which creates less than one-half percent of the euro zone's gross domestic product, is certainly not.

Determine the temporal relation between the following event mentions.
- fail [ei8]
- creates [ei9]

Use one of: BEFORE, AFTER, SIMULTANEOUS, UNKNOWN.","[[""fail [ei8]"", ""creates [ei9]"", ""BEFORE""]]",[],UNKNOWN
te3_test_nyt_20130321_cyprus_l16,tempeval_relation,SIMULTANEOUS,UNKNOWN,0,1,1,0.0,0.0,,0,0,"Title:
For Euro Zone, a Cyprus Exit Would Have Little Impact

Passage:
Greece may well have been too big to fail last year, but Cyprus, which creates less than one-half percent of the euro zone's gross domestic product, is certainly not. From a financial standpoint, what is most noteworthy is that the combined debt of the Cypriot people, companies and government is 2.6 times the size of the country's gross domestic product. Only Ireland, still struggling to recover from the banking collapse that required an international bailout in 2010, has a higher debt-to-G.D.P. ratio among euro zone countries.

Determine the temporal relation between the following event mentions.
- creates [ei9]
- struggling [ei10]

Use one of: BEFORE, AFTER, SIMULTANEOUS, UNKNOWN.","[[""creates [ei9]"", ""struggling [ei10]"", ""SIMULTANEOUS""]]",[],UNKNOWN
te3_test_nyt_20130321_cyprus_l21,tempeval_relation,BEFORE,BEFORE,1,1,1,1.0,1.0,,0,0,"Title:
For Euro Zone, a Cyprus Exit Would Have Little Impact

Passage:
As debts in Europe mount in inverse proportion to the ability of its citizens, companies and governments to make good on them, the view is forming in Berlin and Brussels that a signal must be sent that citizens and investors must start accepting losses for the euro zone to survive in the long run.

Determine the temporal relation between the following event mentions.
- mount [ei13]
- forming [ei15]

Use one of: BEFORE, AFTER, SIMULTANEOUS, UNKNOWN.","[[""mount [ei13]"", ""forming [ei15]"", ""BEFORE""]]","[[""mount [ei13]"", ""forming [ei15]"", ""BEFORE""]]",BEFORE
te3_test_nyt_20130321_cyprus_l22,tempeval_relation,BEFORE,UNKNOWN,0,0,0,0.0,0.0,0,2,1,"Title:
For Euro Zone, a Cyprus Exit Would Have Little Impact

Passage:
As debts in Europe mount in inverse proportion to the ability of its citizens, companies and governments to make good on them, the view is forming in Berlin and Brussels that a signal must be sent that citizens and investors must start accepting losses for the euro zone to survive in the long run.

Determine the temporal relation between the following event mentions.
- make [ei14]
- forming [ei15]

Use one of: BEFORE, AFTER, SIMULTANEOUS, UNKNOWN.","[[""make [ei14]"", ""forming [ei15]"", ""BEFORE""]]","[[""make"", ""forming"", ""BEFORE""]]",BEFORE
te3_test_nyt_20130321_cyprus_l23,tempeval_relation,AFTER,UNKNOWN,0,0,0,0.0,0.0,0,2,1,"Title:
For Euro Zone, a Cyprus Exit Would Have Little Impact

Passage:
As debts in Europe mount in inverse proportion to the ability of its citizens, companies and governments to make good on them, the view is forming in Berlin and Brussels that a signal must be sent that citizens and investors must start accepting losses for the euro zone to survive in the long run.

Determine the temporal relation between the following event mentions.
- sent [ei16]
- forming [ei15]

Use one of: BEFORE, AFTER, SIMULTANEOUS, UNKNOWN.","[[""sent [ei16]"", ""forming [ei15]"", ""AFTER""]]","[[""sent"", ""forming"", ""BEFORE""]]",BEFORE
te3_test_nyt_20130321_cyprus_l24,tempeval_relation,AFTER,UNKNOWN,0,0,0,0.0,0.0,0,2,1,"Title:
For Euro Zone, a Cyprus Exit Would Have Little Impact

Passage:
As debts in Europe mount in inverse proportion to the ability of its citizens, companies and governments to make good on them, the view is forming in Berlin and Brussels that a signal must be sent that citizens and investors must start accepting losses for the euro zone to survive in the long run.

Determine the temporal relation between the following event mentions.
- start [ei17]
- forming [ei15]

Use one of: BEFORE, AFTER, SIMULTANEOUS, UNKNOWN.","[[""start [ei17]"", ""forming [ei15]"", ""AFTER""]]","[[""forming"", ""start"", ""BEFORE""]]",BEFORE
te3_test_nyt_20130321_cyprus_l26,tempeval_relation,AFTER,AFTER,1,1,1,0.0,1.0,,0,0,"Title:
For Euro Zone, a Cyprus Exit Would Have Little Impact

Passage:
As debts in Europe mount in inverse proportion to the ability of its citizens, companies and governments to make good on them, the view is forming in Berlin and Brussels that a signal must be sent that citizens and investors must start accepting losses for the euro zone to survive in the long run.

Determine the temporal relation between the following event mentions.
- survive [ei19]
- forming [ei15]

Use one of: BEFORE, AFTER, SIMULTANEOUS, UNKNOWN.","[[""survive [ei19]"", ""forming [ei15]"", ""AFTER""]]","[[""forming [ei15]"", ""survive [ei19]"", ""BEFORE""]]",BEFORE
te3_test_nyt_20130321_cyprus_l28,tempeval_relation,SIMULTANEOUS,BEFORE,0,1,1,0.0,0.0,,0,0,"Title:
For Euro Zone, a Cyprus Exit Would Have Little Impact

Passage:
As debts in Europe mount in inverse proportion to the ability of its citizens, companies and governments to make good on them, the view is forming in Berlin and Brussels that a signal must be sent that citizens and investors must start accepting losses for the euro zone to survive in the long run. ""There have been too many bailouts in Europe; it's time to remove the air bags,"" said Stephen Jen, a former economist at the International Monetary Fund who runs a hedge fund in London. ""This is not a Lehman,"" he said, referring to the disastrous chain reaction touched off by the collapse of Lehman Brothers in 2008.

Determine the temporal relation between the following event mentions.
- forming [ei15]
- said [ei21]

Use one of: BEFORE, AFTER, SIMULTANEOUS, UNKNOWN.","[[""forming [ei15]"", ""said [ei21]"", ""SIMULTANEOUS""]]","[[""forming [ei15]"", ""said [ei21]"", ""BEFORE""]]",BEFORE
te3_test_nyt_20130321_cyprus_l29,tempeval_relation,BEFORE,AFTER,0,1,1,0.0,0.0,,0,0,"Title:
For Euro Zone, a Cyprus Exit Would Have Little Impact

Passage:
""There have been too many bailouts in Europe; it's time to remove the air bags,"" said Stephen Jen, a former economist at the International Monetary Fund who runs a hedge fund in London. ""This is not a Lehman,"" he said, referring to the disastrous chain reaction touched off by the collapse of Lehman Brothers in 2008.

Determine the temporal relation between the following event mentions.
- remove [ei20]
- said [ei21]

Use one of: BEFORE, AFTER, SIMULTANEOUS, UNKNOWN.","[[""remove [ei20]"", ""said [ei21]"", ""BEFORE""]]","[[""said [ei21]"", ""remove [ei20]"", ""BEFORE""]]",BEFORE
te3_test_nyt_20130321_cyprus_l306,tempeval_relation,BEFORE,UNKNOWN,0,1,1,0.0,0.0,,0,0,"Title:
For Euro Zone, a Cyprus Exit Would Have Little Impact

Passage:
""There have been too many bailouts in Europe; it's time to remove the air bags,"" said Stephen Jen, a former economist at the International Monetary Fund who runs a hedge fund in London. ""This is not a Lehman,"" he said, referring to the disastrous chain reaction touched off by the collapse of Lehman Brothers in 2008.

Determine the temporal relation between the following event mentions.
- collapse [ei2016]
- touched [ei24]

Use one of: BEFORE, AFTER, SIMULTANEOUS, UNKNOWN.","[[""collapse [ei2016]"", ""touched [ei24]"", ""BEFORE""]]",[],UNKNOWN
te3_test_nyt_20130321_cyprus_l32,tempeval_relation,SIMULTANEOUS,SIMULTANEOUS,1,1,1,1.0,0.0,,0,0,"Title:
For Euro Zone, a Cyprus Exit Would Have Little Impact

Passage:
""There have been too many bailouts in Europe; it's time to remove the air bags,"" said Stephen Jen, a former economist at the International Monetary Fund who runs a hedge fund in London. ""This is not a Lehman,"" he said, referring to the disastrous chain reaction touched off by the collapse of Lehman Brothers in 2008.

Determine the temporal relation between the following event mentions.
- said [ei21]
- said [ei22]

Use one of: BEFORE, AFTER, SIMULTANEOUS, UNKNOWN.","[[""said [ei21]"", ""said [ei22]"", ""SIMULTANEOUS""]]","[[""said [ei21]"", ""said [ei22]"", ""SIMULTANEOUS""]]",SIMULTANEOUS
te3_test_nyt_20130321_cyprus_l34,tempeval_relation,BEFORE,AFTER,0,1,1,0.0,0.0,,0,0,"Title:
For Euro Zone, a Cyprus Exit Would Have Little Impact

Passage:
""There have been too many bailouts in Europe; it's time to remove the air bags,"" said Stephen Jen, a former economist at the International Monetary Fund who runs a hedge fund in London. ""This is not a Lehman,"" he said, referring to the disastrous chain reaction touched off by the collapse of Lehman Brothers in 2008.

Determine the temporal relation between the following event mentions.
- touched [ei24]
- said [ei22]

Use one of: BEFORE, AFTER, SIMULTANEOUS, UNKNOWN.","[[""touched [ei24]"", ""said [ei22]"", ""BEFORE""]]","[[""said [ei22]"", ""touched [ei24]"", ""BEFORE""]]",BEFORE
te3_test_nyt_20130321_cyprus_l36,tempeval_relation,AFTER,UNKNOWN,0,1,1,0.0,0.0,,0,0,"Title:
For Euro Zone, a Cyprus Exit Would Have Little Impact

Passage:
""There have been too many bailouts in Europe; it's time to remove the air bags,"" said Stephen Jen, a former economist at the International Monetary Fund who runs a hedge fund in London. ""This is not a Lehman,"" he said, referring to the disastrous chain reaction touched off by the collapse of Lehman Brothers in 2008. Eric Dor is a French economist who has studied the mechanics of how a country might remove itself from the monetary union. By his calculations, the euro zone - through its central banking system and its national banks - has just 27 billion euros in outstanding credit exposure to Cyprus. That is a mere rounding error compared with the euro zone G.D.P. of 9.4 trillion euros.

Determine the temporal relation between the following event mentions.
- said [ei22]
- studied [ei25]

Use one of: BEFORE, AFTER, SIMULTANEOUS, UNKNOWN.","[[""said [ei22]"", ""studied [ei25]"", ""AFTER""]]",[],UNKNOWN
te3_test_nyt_20130321_cyprus_l445,tempeval_relation,BEFORE,BEFORE,1,1,1,1.0,1.0,,0,0,"Title:
For Euro Zone, a Cyprus Exit Would Have Little Impact

Passage:
Estimates of the potential cost if Greece had been forced into a disorderly euro exit have ranged from 200 billion euros to 800 billion euros, given the larger exposure that the European Central Bank and European banks had to the country.

Determine the temporal relation between the following event mentions.
- forced [ei30]
- exit [ei2011]

Use one of: BEFORE, AFTER, SIMULTANEOUS, UNKNOWN.","[[""forced [ei30]"", ""exit [ei2011]"", ""BEFORE""]]","[[""forced [ei30]"", ""exit [ei2011]"", ""BEFORE""]]",BEFORE
te3_test_nyt_20130321_cyprus_l53,tempeval_relation,SIMULTANEOUS,BEFORE,0,1,1,0.0,0.0,,0,0,"Title:
For Euro Zone, a Cyprus Exit Would Have Little Impact

Passage:
""This explains why Germany and others are putting so much pressure on Cyprus,"" said Mr. Dor, head of research at the Ieseg School of Management in Lille, France. ""They are saying we can take the risk of pushing Cyprus out of the euro zone, and that Europe can take the losses without going broke.""

Determine the temporal relation between the following event mentions.
- pressure [ei34]
- saying [ei36]

Use one of: BEFORE, AFTER, SIMULTANEOUS, UNKNOWN.","[[""pressure [ei34]"", ""saying [ei36]"", ""SIMULTANEOUS""]]","[[""pressure [ei34]"", ""saying [ei36]"", ""BEFORE""]]",BEFORE
te3_test_nyt_20130321_cyprus_l55,tempeval_relation,AFTER,AFTER,1,1,1,0.0,1.0,,0,0,"Title:
For Euro Zone, a Cyprus Exit Would Have Little Impact

Passage:
""This explains why Germany and others are putting so much pressure on Cyprus,"" said Mr. Dor, head of research at the Ieseg School of Management in Lille, France. ""They are saying we can take the risk of pushing Cyprus out of the euro zone, and that Europe can take the losses without going broke.""

Determine the temporal relation between the following event mentions.
- pushing [ei38]
- saying [ei36]

Use one of: BEFORE, AFTER, SIMULTANEOUS, UNKNOWN.","[[""pushing [ei38]"", ""saying [ei36]"", ""AFTER""]]","[[""saying [ei36]"", ""pushing [ei38]"", ""BEFORE""]]",BEFORE
te3_test_nyt_20130321_cyprus_l56,tempeval_relation,AFTER,UNKNOWN,0,0,0,0.0,0.0,0,2,1,"Title:
For Euro Zone, a Cyprus Exit Would Have Little Impact

Passage:
""This explains why Germany and others are putting so much pressure on Cyprus,"" said Mr. Dor, head of research at the Ieseg School of Management in Lille, France. ""They are saying we can take the risk of pushing Cyprus out of the euro zone, and that Europe can take the losses without going broke.""

Determine the temporal relation between the following event mentions.
- losses [ei39]
- saying [ei36]

Use one of: BEFORE, AFTER, SIMULTANEOUS, UNKNOWN.","[[""losses [ei39]"", ""saying [ei36]"", ""AFTER""]]","[[""saying"", ""losses"", ""BEFORE""]]",BEFORE
te3_test_nyt_20130321_cyprus_l57,tempeval_relation,SIMULTANEOUS,UNKNOWN,0,0,1,0.0,0.0,,1,0,"Title:
For Euro Zone, a Cyprus Exit Would Have Little Impact

Passage:
""This explains why Germany and others are putting so much pressure on Cyprus,"" said Mr. Dor, head of research at the Ieseg School of Management in Lille, France. ""They are saying we can take the risk of pushing Cyprus out of the euro zone, and that Europe can take the losses without going broke.""

Determine the temporal relation between the following event mentions.
- broke [ei40]
- losses [ei39]

Use one of: BEFORE, AFTER, SIMULTANEOUS, UNKNOWN.","[[""broke [ei40]"", ""losses [ei39]"", ""SIMULTANEOUS""]]",[],UNKNOWN
te3_test_nyt_20130321_cyprus_l60,tempeval_relation,BEFORE,UNKNOWN,0,0,0,0.0,0.0,0,2,1,"Title:
For Euro Zone, a Cyprus Exit Would Have Little Impact

Passage:
Mr. Dor notes that the current euro zonewide system of insuring bank deposits up to 100,000 euros was put in place after the financial panic that followed the Lehman collapse. Those deposits are supposed to be insured by national governments.

Determine the temporal relation between the following event mentions.
- put [ei42]
- notes [ei41]

Use one of: BEFORE, AFTER, SIMULTANEOUS, UNKNOWN.","[[""put [ei42]"", ""notes [ei41]"", ""BEFORE""]]","[[""put"", ""notes"", ""BEFORE""]]",BEFORE
te3_test_nyt_20130321_cyprus_l61,tempeval_relation,BEFORE,AFTER,0,1,1,0.0,0.0,,0,0,"Title:
For Euro Zone, a Cyprus Exit Would Have Little Impact

Passage:
Mr. Dor notes that the current euro zonewide system of insuring bank deposits up to 100,000 euros was put in place after the financial panic that followed the Lehman collapse. Those deposits are supposed to be insured by national governments.

Determine the temporal relation between the following event mentions.
- collapse [ei43]
- notes [ei41]

Use one of: BEFORE, AFTER, SIMULTANEOUS, UNKNOWN.","[[""collapse [ei43]"", ""notes [ei41]"", ""BEFORE""]]","[[""notes [ei41]"", ""collapse [ei43]"", ""BEFORE""]]",BEFORE
te3_test_nyt_20130321_cyprus_l615,tempeval_relation,AFTER,AFTER,1,1,1,0.0,1.0,,0,0,"Title:
For Euro Zone, a Cyprus Exit Would Have Little Impact

Passage:
Mr. Dor notes that the current euro zonewide system of insuring bank deposits up to 100,000 euros was put in place after the financial panic that followed the Lehman collapse. Those deposits are supposed to be insured by national governments.

Determine the temporal relation between the following event mentions.
- panic [ei2017]
- collapse [ei43]

Use one of: BEFORE, AFTER, SIMULTANEOUS, UNKNOWN.","[[""panic [ei2017]"", ""collapse [ei43]"", ""AFTER""]]","[[""collapse [ei43]"", ""panic [ei2017]"", ""BEFORE""]]",BEFORE
te3_test_nyt_20130321_cyprus_l64,tempeval_relation,SIMULTANEOUS,AFTER,0,1,1,0.0,0.0,,0,0,"Title:
For Euro Zone, a Cyprus Exit Would Have Little Impact

Passage:
Mr. Dor notes that the current euro zonewide system of insuring bank deposits up to 100,000 euros was put in place after the financial panic that followed the Lehman collapse. Those deposits are supposed to be insured by national governments.

Determine the temporal relation between the following event mentions.
- insured [ei45]
- supposed [ei44]

Use one of: BEFORE, AFTER, SIMULTANEOUS, UNKNOWN.","[[""insured [ei45]"", ""supposed [ei44]"", ""SIMULTANEOUS""]]","[[""supposed [ei44]"", ""insured [ei45]"", ""BEFORE""]]",BEFORE
te3_test_nyt_20130321_cyprus_l68,tempeval_relation,BEFORE,BEFORE,1,1,1,1.0,1.0,,0,0,"Title:
For Euro Zone, a Cyprus Exit Would Have Little Impact

Passage:
So when the president of Cyprus admitted this week that his country did not have the money to backstop the 30 billion euros of guaranteed bank deposits - a figure greater than the Cypriot economy itself - a crucial bond of trust between a government and its citizens was snapped.

Determine the temporal relation between the following event mentions.
- admitted [ei46]
- snapped [ei47]

Use one of: BEFORE, AFTER, SIMULTANEOUS, UNKNOWN.","[[""admitted [ei46]"", ""snapped [ei47]"", ""BEFORE""]]","[[""admitted [ei46]"", ""snapped [ei47]"", ""BEFORE""]]",BEFORE
te3_test_nyt_20130321_cyprus_l71,tempeval_relation,BEFORE,BEFORE,1,1,1,1.0,1.0,,0,0,"Title:
For Euro Zone, a Cyprus Exit Would Have Little Impact

Passage:
""It is the first time ever that the leader of a euro zone country has admitted that he could not afford to pay the guarantee,"" Mr. Dor said.

Determine the temporal relation between the following event mentions.
- admitted [ei48]
- said [ei51]

Use one of: BEFORE, AFTER, SIMULTANEOUS, UNKNOWN.","[[""admitted [ei48]"", ""said [ei51]"", ""BEFORE""]]","[[""admitted [ei48]"", ""said [ei51]"", ""BEFORE""]]",BEFORE
te3_test_nyt_20130321_cyprus_l72,tempeval_relation,BEFORE,UNKNOWN,0,1,1,0.0,0.0,,0,0,"Title:
For Euro Zone, a Cyprus Exit Would Have Little Impact

Passage:
""It is the first time ever that the leader of a euro zone country has admitted that he could not afford to pay the guarantee,"" Mr. Dor said.

Determine the temporal relation between the following event mentions.
- afford [ei49]
- said [ei51]

Use one of: BEFORE, AFTER, SIMULTANEOUS, UNKNOWN.","[[""afford [ei49]"", ""said [ei51]"", ""BEFORE""]]",[],UNKNOWN
te3_test_nyt_20130321_cyprus_l73,tempeval_relation,BEFORE,AFTER,0,1,1,0.0,0.0,,0,0,"Title:
For Euro Zone, a Cyprus Exit Would Have Little Impact

Passage:
""It is the first time ever that the leader of a euro zone country has admitted that he could not afford to pay the guarantee,"" Mr. Dor said.

Determine the temporal relation between the following event mentions.
- pay [ei50]
- said [ei51]

Use one of: BEFORE, AFTER, SIMULTANEOUS, UNKNOWN.","[[""pay [ei50]"", ""said [ei51]"", ""BEFORE""]]","[[""said [ei51]"", ""pay [ei50]"", ""BEFORE""]]",BEFORE
te3_test_nyt_20130321_cyprus_l76,tempeval_relation,BEFORE,BEFORE,1,1,1,1.0,1.0,,0,0,"Title:
For Euro Zone, a Cyprus Exit Would Have Little Impact

Passage:
""It is the first time ever that the leader of a euro zone country has admitted that he could not afford to pay the guarantee,"" Mr. Dor said. A hasty expulsion from the euro zone would make the savings of the Cypriot people all the more evanescent, once they are converted back into Cypriot pounds, the currency Cyprus used before adopting the euro in 2007.

Determine the temporal relation between the following event mentions.
- said [ei51]
- expulsion [ei52]

Use one of: BEFORE, AFTER, SIMULTANEOUS, UNKNOWN.","[[""said [ei51]"", ""expulsion [ei52]"", ""BEFORE""]]","[[""said [ei51]"", ""expulsion [ei52]"", ""BEFORE""]]",BEFORE
te3_test_nyt_20130321_cyprus_l79,tempeval_relation,AFTER,UNKNOWN,0,0,0,0.0,0.0,0,2,1,"Title:
For Euro Zone, a Cyprus Exit Would Have Little Impact

Passage:
A hasty expulsion from the euro zone would make the savings of the Cypriot people all the more evanescent, once they are converted back into Cypriot pounds, the currency Cyprus used before adopting the euro in 2007.

Determine the temporal relation between the following event mentions.
- converted [ei55]
- expulsion [ei52]

Use one of: BEFORE, AFTER, SIMULTANEOUS, UNKNOWN.","[[""converted [ei55]"", ""expulsion [ei52]"", ""AFTER""]]","[[""expulsion"", ""converted"", ""BEFORE""]]",BEFORE
te3_test_nyt_20130321_cyprus_l81,tempeval_relation,BEFORE,BEFORE,1,1,1,1.0,1.0,,0,0,"Title:
For Euro Zone, a Cyprus Exit Would Have Little Impact

Passage:
A hasty expulsion from the euro zone would make the savings of the Cypriot people all the more evanescent, once they are converted back into Cypriot pounds, the currency Cyprus used before adopting the euro in 2007.

Determine the temporal relation between the following event mentions.
- adopting [ei57]
- expulsion [ei52]

Use one of: BEFORE, AFTER, SIMULTANEOUS, UNKNOWN.","[[""adopting [ei57]"", ""expulsion [ei52]"", ""BEFORE""]]","[[""adopting [ei57]"", ""expulsion [ei52]"", ""BEFORE""]]",BEFORE
te3_test_nyt_20130321_cyprus_l200,tempeval_relation,SIMULTANEOUS,UNKNOWN,0,1,1,0.0,0.0,,0,0,"Title:
For Euro Zone, a Cyprus Exit Would Have Little Impact

Passage:
So when the president of Cyprus admitted this week that his country did not have the money to backstop the 30 billion euros of guaranteed bank deposits - a figure greater than the Cypriot economy itself - a crucial bond of trust between a government and its citizens was snapped. ""It is the first time ever that the leader of a euro zone country has admitted that he could not afford to pay the guarantee,"" Mr. Dor said.

Determine the temporal relation between the following event mentions.
- admitted [ei48]
- admitted [ei46]

Use one of: BEFORE, AFTER, SIMULTANEOUS, UNKNOWN.","[[""admitted [ei48]"", ""admitted [ei46]"", ""SIMULTANEOUS""]]",[],UNKNOWN
te3_test_nyt_20130321_cyprus_l201,tempeval_relation,BEFORE,AFTER,0,1,1,0.0,0.0,,0,0,"Title:
For Euro Zone, a Cyprus Exit Would Have Little Impact

Passage:
A Cyprus exit from the euro union, if it comes to that, would have a devastating effect on the country's citizens, who are among the most indebted in the euro zone. And for European unity and diplomacy, the Cyprus debacle has already been at least a short-term disaster.

Determine the temporal relation between the following event mentions.
- disaster [ei2007]
- comes [ei1]

Use one of: BEFORE, AFTER, SIMULTANEOUS, UNKNOWN.","[[""disaster [ei2007]"", ""comes [ei1]"", ""BEFORE""]]","[[""comes [ei1]"", ""disaster [ei2007]"", ""BEFORE""]]",BEFORE
te3_test_nyt_20130321_cyprus_l203,tempeval_relation,BEFORE,BEFORE,1,1,1,1.0,1.0,,0,0,"Title:
For Euro Zone, a Cyprus Exit Would Have Little Impact

Passage:
ut for the broader financial system in Europe, the losses resulting from a Cypriot banking collapse and the country's return to its former currency would be minimal compared with the havoc that Greece would have created had it not been bailed out.

Determine the temporal relation between the following event mentions.
- collapse [ei2105]
- resulting [ei2]

Use one of: BEFORE, AFTER, SIMULTANEOUS, UNKNOWN.","[[""collapse [ei2105]"", ""resulting [ei2]"", ""BEFORE""]]","[[""collapse [ei2105]"", ""resulting [ei2]"", ""BEFORE""]]",BEFORE
te3_test_nyt_20130321_cyprus_l204,tempeval_relation,BEFORE,BEFORE,1,1,1,1.0,1.0,,0,0,"Title:
For Euro Zone, a Cyprus Exit Would Have Little Impact

Passage:
ut for the broader financial system in Europe, the losses resulting from a Cypriot banking collapse and the country's return to its former currency would be minimal compared with the havoc that Greece would have created had it not been bailed out.

Determine the temporal relation between the following event mentions.
- bailed [ei6]
- havoc [ei4]

Use one of: BEFORE, AFTER, SIMULTANEOUS, UNKNOWN.","[[""bailed [ei6]"", ""havoc [ei4]"", ""BEFORE""]]","[[""bailed [ei6]"", ""havoc [ei4]"", ""BEFORE""]]",BEFORE
te3_test_nyt_20130321_cyprus_l206,tempeval_relation,BEFORE,BEFORE,1,1,1,1.0,1.0,,0,0,"Title:
For Euro Zone, a Cyprus Exit Would Have Little Impact

Passage:
From a financial standpoint, what is most noteworthy is that the combined debt of the Cypriot people, companies and government is 2.6 times the size of the country's gross domestic product. Only Ireland, still struggling to recover from the banking collapse that required an international bailout in 2010, has a higher debt-to-G.D.P. ratio among euro zone countries.

Determine the temporal relation between the following event mentions.
- collapse [ei2013]
- recover [ei11]

Use one of: BEFORE, AFTER, SIMULTANEOUS, UNKNOWN.","[[""collapse [ei2013]"", ""recover [ei11]"", ""BEFORE""]]","[[""collapse [ei2013]"", ""recover [ei11]"", ""BEFORE""]]",BEFORE
te3_test_nyt_20130321_cyprus_l208,tempeval_relation,BEFORE,BEFORE,1,1,1,1.0,1.0,,0,0,"Title:
For Euro Zone, a Cyprus Exit Would Have Little Impact

Passage:
As debts in Europe mount in inverse proportion to the ability of its citizens, companies and governments to make good on them, the view is forming in Berlin and Brussels that a signal must be sent that citizens and investors must start accepting losses for the euro zone to survive in the long run.

Determine the temporal relation between the following event mentions.
- losses [ei2014]
- survive [ei19]

Use one of: BEFORE, AFTER, SIMULTANEOUS, UNKNOWN.","[[""losses [ei2014]"", ""survive [ei19]"", ""BEFORE""]]","[[""losses [ei2014]"", ""survive [ei19]"", ""BEFORE""]]",BEFORE
te3_test_nyt_20130321_cyprus_l209,tempeval_relation,SIMULTANEOUS,UNKNOWN,0,1,1,0.0,0.0,,0,0,"Title:
For Euro Zone, a Cyprus Exit Would Have Little Impact

Passage:
""There have been too many bailouts in Europe; it's time to remove the air bags,"" said Stephen Jen, a former economist at the International Monetary Fund who runs a hedge fund in London. ""This is not a Lehman,"" he said, referring to the disastrous chain reaction touched off by the collapse of Lehman Brothers in 2008. Eric Dor is a French economist who has studied the mechanics of how a country might remove itself from the monetary union. By his calculations, the euro zone - through its central banking system and its national banks - has just 27 billion euros in outstanding credit exposure to Cyprus. That is a mere rounding error compared with the euro zone G.D.P. of 9.4 trillion euros. Estimates of the potential cost if Greece had been forced into a disorderly euro exit have ranged from 200 billion euros to 800 billion euros, given the larger exposure that the European Central Bank and European banks had to the country. ""This explains why Germany and others are putting so much pressure on Cyprus,"" said Mr. Dor, head of research at the Ieseg School of Management in Lille, France. ""They are saying we can take the risk of pushing Cyprus out of the euro zone, and that Europe can take the losses without going broke.""

Determine the temporal relation between the following event mentions.
- said [ei21]
- said [ei35]

Use one of: BEFORE, AFTER, SIMULTANEOUS, UNKNOWN.","[[""said [ei21]"", ""said [ei35]"", ""SIMULTANEOUS""]]",[],UNKNOWN
te3_test_nyt_20130321_cyprus_l210,tempeval_relation,SIMULTANEOUS,UNKNOWN,0,0,0,0.0,0.0,0,2,1,"Title:
For Euro Zone, a Cyprus Exit Would Have Little Impact

Passage:
""There have been too many bailouts in Europe; it's time to remove the air bags,"" said Stephen Jen, a former economist at the International Monetary Fund who runs a hedge fund in London. ""This is not a Lehman,"" he said, referring to the disastrous chain reaction touched off by the collapse of Lehman Brothers in 2008.

Determine the temporal relation between the following event mentions.
- referring [ei23]
- said [ei21]

Use one of: BEFORE, AFTER, SIMULTANEOUS, UNKNOWN.","[[""referring [ei23]"", ""said [ei21]"", ""SIMULTANEOUS""]]","[[""ei21"", ""ei23"", ""BEFORE""]]",BEFORE
te3_test_nyt_20130321_cyprus_l215,tempeval_relation,AFTER,BEFORE,0,1,1,0.0,0.0,,0,0,"Title:
For Euro Zone, a Cyprus Exit Would Have Little Impact

Passage:
Mr. Dor notes that the current euro zonewide system of insuring bank deposits up to 100,000 euros was put in place after the financial panic that followed the Lehman collapse. Those deposits are supposed to be insured by national governments.

Determine the temporal relation between the following event mentions.
- put [ei42]
- panic [ei2017]

Use one of: BEFORE, AFTER, SIMULTANEOUS, UNKNOWN.","[[""put [ei42]"", ""panic [ei2017]"", ""AFTER""]]","[[""put [ei42]"", ""panic [ei2017]"", ""BEFORE""]]",BEFORE
te3_test_nyt_20130321_cyprus_l216,tempeval_relation,SIMULTANEOUS,UNKNOWN,0,1,1,0.0,0.0,,0,0,"Title:
For Euro Zone, a Cyprus Exit Would Have Little Impact

Passage:
""There have been too many bailouts in Europe; it's time to remove the air bags,"" said Stephen Jen, a former economist at the International Monetary Fund who runs a hedge fund in London. ""This is not a Lehman,"" he said, referring to the disastrous chain reaction touched off by the collapse of Lehman Brothers in 2008. Eric Dor is a French economist who has studied the mechanics of how a country might remove itself from the monetary union. By his calculations, the euro zone - through its central banking system and its national banks - has just 27 billion euros in outstanding credit exposure to Cyprus. That is a mere rounding error compared with the euro zone G.D.P. of 9.4 trillion euros. Estimates of the potential cost if Greece had been forced into a disorderly euro exit have ranged from 200 billion euros to 800 billion euros, given the larger exposure that the European Central Bank and European banks had to the country. ""This explains why Germany and others are putting so much pressure on Cyprus,"" said Mr. Dor, head of research at the Ieseg School of Management in Lille, France. ""They are saying we can take the risk of pushing Cyprus out of the euro zone, and that Europe can take the losses without going broke."" Mr. Dor notes that the current euro zonewide system of insuring bank deposits up to 100,000 euros was put in place after the financial panic that followed the Lehman collapse. Those deposits are supposed to be insured by national governments. So when the president of Cyprus admitted this week that his country did not have the money to backstop the 30 billion euros of guaranteed bank deposits - a figure greater than the Cypriot economy itself - a crucial bond of trust between a government and its citizens was snapped. ""It is the first time ever that the leader of a euro zone country has admitted that he could not afford to pay the guarantee,"" Mr. Dor said.

Determine the temporal relation between the following event mentions.
- said [ei21]
- said [ei51]

Use one of: BEFORE, AFTER, SIMULTANEOUS, UNKNOWN.","[[""said [ei21]"", ""said [ei51]"", ""SIMULTANEOUS""]]",[],UNKNOWN
te3_test_nyt_20130321_cyprus_l217,tempeval_relation,AFTER,BEFORE,0,1,1,0.0,0.0,,0,0,"Title:
For Euro Zone, a Cyprus Exit Would Have Little Impact

Passage:
A hasty expulsion from the euro zone would make the savings of the Cypriot people all the more evanescent, once they are converted back into Cypriot pounds, the currency Cyprus used before adopting the euro in 2007.

Determine the temporal relation between the following event mentions.
- evanescent [ei2101]
- converted [ei55]

Use one of: BEFORE, AFTER, SIMULTANEOUS, UNKNOWN.","[[""evanescent [ei2101]"", ""converted [ei55]"", ""AFTER""]]","[[""converted [ei55]"", ""evanescent [ei2101]"", ""AFTER""]]",AFTER
te3_test_nyt_20130321_cyprus_l218,tempeval_relation,SIMULTANEOUS,BEFORE,0,1,1,0.0,0.0,,0,0,"Title:
For Euro Zone, a Cyprus Exit Would Have Little Impact

Passage:
""There have been too many bailouts in Europe; it's time to remove the air bags,"" said Stephen Jen, a former economist at the International Monetary Fund who runs a hedge fund in London. ""This is not a Lehman,"" he said, referring to the disastrous chain reaction touched off by the collapse of Lehman Brothers in 2008. Eric Dor is a French economist who has studied the mechanics of how a country might remove itself from the monetary union. By his calculations, the euro zone - through its central banking system and its national banks - has just 27 billion euros in outstanding credit exposure to Cyprus. That is a mere rounding error compared with the euro zone G.D.P. of 9.4 trillion euros. Estimates of the potential cost if Greece had been forced into a disorderly euro exit have ranged from 200 billion euros to 800 billion euros, given the larger exposure that the European Central Bank and European banks had to the country. ""This explains why Germany and others are putting so much pressure on Cyprus,"" said Mr. Dor, head of research at the Ieseg School of Management in Lille, France. ""They are saying we can take the risk of pushing Cyprus out of the euro zone, and that Europe can take the losses without going broke."" Mr. Dor notes that the current euro zonewide system of insuring bank deposits up to 100,000 euros was put in place after the financial panic that followed the Lehman collapse. Those deposits are supposed to be insured by national governments.

Determine the temporal relation between the following event mentions.
- said [ei21]
- notes [ei41]

Use one of: BEFORE, AFTER, SIMULTANEOUS, UNKNOWN.","[[""said [ei21]"", ""notes [ei41]"", ""SIMULTANEOUS""]]","[[""said [ei21]"", ""notes [ei41]"", ""BEFORE""]]",BEFORE
te3_test_nyt_20130321_sarcozy_l3,tempeval_relation,AFTER,AFTER,1,1,1,0.0,1.0,,0,0,"Title:
France: Sarkozy Faces Investigation

Passage:
Former President Nicolas Sarkozy was informed Thursday that he would face a formal investigation into whether he abused the frailty of Liliane Bettencourt, 90, the heiress to the L'Oreal fortune and France's richest woman, to get funds for his 2007 presidential campaign. Mr. Sarkozy has denied accepting illegal campaign funds from Ms. Bettencourt, either personally or through his party treasurer at the time, Eric Woerth, as alleged by her former butler. Mr. Sarkozy's lawyer, Thierry Herzog, called the judge's decision, which indicates that the judge believes that Mr. Sarkozy probably committed a crime, ""incoherent"" and ""unjust."" The lawyer said he would appeal. The ruling does not necessarily mean that Mr. Sarkozy, who lost his re-election bid last May and with it his presidential immunity from prosecution, will stand trial.

Determine the temporal relation between the following event mentions.
- face [ei2]
- informed [ei1]

Use one of: BEFORE, AFTER, SIMULTANEOUS, UNKNOWN.","[[""face [ei2]"", ""informed [ei1]"", ""AFTER""]]","[[""informed [ei1]"", ""face [ei2]"", ""BEFORE""]]",BEFORE
te3_test_nyt_20130321_sarcozy_l4,tempeval_relation,BEFORE,UNKNOWN,0,1,1,0.0,0.0,,0,0,"Title:
France: Sarkozy Faces Investigation

Passage:
Former President Nicolas Sarkozy was informed Thursday that he would face a formal investigation into whether he abused the frailty of Liliane Bettencourt, 90, the heiress to the L'Oreal fortune and France's richest woman, to get funds for his 2007 presidential campaign. Mr. Sarkozy has denied accepting illegal campaign funds from Ms. Bettencourt, either personally or through his party treasurer at the time, Eric Woerth, as alleged by her former butler. Mr. Sarkozy's lawyer, Thierry Herzog, called the judge's decision, which indicates that the judge believes that Mr. Sarkozy probably committed a crime, ""incoherent"" and ""unjust."" The lawyer said he would appeal. The ruling does not necessarily mean that Mr. Sarkozy, who lost his re-election bid last May and with it his presidential immunity from prosecution, will stand trial.

Determine the temporal relation between the following event mentions.
- abused [ei3]
- informed [ei1]

Use one of: BEFORE, AFTER, SIMULTANEOUS, UNKNOWN.","[[""abused [ei3]"", ""informed [ei1]"", ""BEFORE""]]",[],UNKNOWN
te3_test_nyt_20130321_sarcozy_l5,tempeval_relation,BEFORE,AFTER,0,1,1,0.0,0.0,,0,0,"Title:
France: Sarkozy Faces Investigation

Passage:
Former President Nicolas Sarkozy was informed Thursday that he would face a formal investigation into whether he abused the frailty of Liliane Bettencourt, 90, the heiress to the L'Oreal fortune and France's richest woman, to get funds for his 2007 presidential campaign. Mr. Sarkozy has denied accepting illegal campaign funds from Ms. Bettencourt, either personally or through his party treasurer at the time, Eric Woerth, as alleged by her former butler. Mr. Sarkozy's lawyer, Thierry Herzog, called the judge's decision, which indicates that the judge believes that Mr. Sarkozy probably committed a crime, ""incoherent"" and ""unjust."" The lawyer said he would appeal. The ruling does not necessarily mean that Mr. Sarkozy, who lost his re-election bid last May and with it his presidential immunity from prosecution, will stand trial.

Determine the temporal relation between the following event mentions.
- get [ei4]
- informed [ei1]

Use one of: BEFORE, AFTER, SIMULTANEOUS, UNKNOWN.","[[""get [ei4]"", ""informed [ei1]"", ""BEFORE""]]","[[""informed [ei1]"", ""get [ei4]"", ""BEFORE""]]",BEFORE
te3_test_nyt_20130321_sarcozy_l7,tempeval_relation,AFTER,UNKNOWN,0,1,1,0.0,0.0,,0,0,"Title:
France: Sarkozy Faces Investigation

Passage:
Former President Nicolas Sarkozy was informed Thursday that he would face a formal investigation into whether he abused the frailty of Liliane Bettencourt, 90, the heiress to the L'Oreal fortune and France's richest woman, to get funds for his 2007 presidential campaign. Mr. Sarkozy has denied accepting illegal campaign funds from Ms. Bettencourt, either personally or through his party treasurer at the time, Eric Woerth, as alleged by her former butler. Mr. Sarkozy's lawyer, Thierry Herzog, called the judge's decision, which indicates that the judge believes that Mr. Sarkozy probably committed a crime, ""incoherent"" and ""unjust."" The lawyer said he would appeal. The ruling does not necessarily mean that Mr. Sarkozy, who lost his re-election bid last May and with it his presidential immunity from prosecution, will stand trial.

Determine the temporal relation between the following event mentions.
- informed [ei1]
- denied [ei5]

Use one of: BEFORE, AFTER, SIMULTANEOUS, UNKNOWN.","[[""informed [ei1]"", ""denied [ei5]"", ""AFTER""]]",[],UNKNOWN
te3_test_nyt_20130321_sarcozy_l8,tempeval_relation,BEFORE,UNKNOWN,0,0,1,0.0,0.0,,1,0,"Title:
France: Sarkozy Faces Investigation

Passage:
Former President Nicolas Sarkozy was informed Thursday that he would face a formal investigation into whether he abused the frailty of Liliane Bettencourt, 90, the heiress to the L'Oreal fortune and France's richest woman, to get funds for his 2007 presidential campaign. Mr. Sarkozy has denied accepting illegal campaign funds from Ms. Bettencourt, either personally or through his party treasurer at the time, Eric Woerth, as alleged by her former butler. Mr. Sarkozy's lawyer, Thierry Herzog, called the judge's decision, which indicates that the judge believes that Mr. Sarkozy probably committed a crime, ""incoherent"" and ""unjust."" The lawyer said he would appeal. The ruling does not necessarily mean that Mr. Sarkozy, who lost his re-election bid last May and with it his presidential immunity from prosecution, will stand trial.

Determine the temporal relation between the following event mentions.
- accepting [ei6]
- denied [ei5]

Use one of: BEFORE, AFTER, SIMULTANEOUS, UNKNOWN.","[[""accepting [ei6]"", ""denied [ei5]"", ""BEFORE""]]",[],UNKNOWN
te3_test_nyt_20130321_sarcozy_l11,tempeval_relation,BEFORE,UNKNOWN,0,1,1,0.0,0.0,,0,0,"Title:
France: Sarkozy Faces Investigation

Passage:
Former President Nicolas Sarkozy was informed Thursday that he would face a formal investigation into whether he abused the frailty of Liliane Bettencourt, 90, the heiress to the L'Oreal fortune and France's richest woman, to get funds for his 2007 presidential campaign. Mr. Sarkozy has denied accepting illegal campaign funds from Ms. Bettencourt, either personally or through his party treasurer at the time, Eric Woerth, as alleged by her former butler. Mr. Sarkozy's lawyer, Thierry Herzog, called the judge's decision, which indicates that the judge believes that Mr. Sarkozy probably committed a crime, ""incoherent"" and ""unjust."" The lawyer said he would appeal. The ruling does not necessarily mean that Mr. Sarkozy, who lost his re-election bid last May and with it his presidential immunity from prosecution, will stand trial.

Determine the temporal relation between the following event mentions.
- denied [ei5]
- called [ei8]

Use one of: BEFORE, AFTER, SIMULTANEOUS, UNKNOWN.","[[""denied [ei5]"", ""called [ei8]"", ""BEFORE""]]",[],UNKNOWN
te3_test_nyt_20130321_sarcozy_l12,tempeval_relation,BEFORE,AFTER,0,1,1,0.0,0.0,,0,0,"Title:
France: Sarkozy Faces Investigation

Passage:
Former President Nicolas Sarkozy was informed Thursday that he would face a formal investigation into whether he abused the frailty of Liliane Bettencourt, 90, the heiress to the L'Oreal fortune and France's richest woman, to get funds for his 2007 presidential campaign. Mr. Sarkozy has denied accepting illegal campaign funds from Ms. Bettencourt, either personally or through his party treasurer at the time, Eric Woerth, as alleged by her former butler. Mr. Sarkozy's lawyer, Thierry Herzog, called the judge's decision, which indicates that the judge believes that Mr. Sarkozy probably committed a crime, ""incoherent"" and ""unjust."" The lawyer said he would appeal. The ruling does not necessarily mean that Mr. Sarkozy, who lost his re-election bid last May and with it his presidential immunity from prosecution, will stand trial.

Determine the temporal relation between the following event mentions.
- decision [ei9]
- called [ei8]

Use one of: BEFORE, AFTER, SIMULTANEOUS, UNKNOWN.","[[""decision [ei9]"", ""called [ei8]"", ""BEFORE""]]","[[""called [ei8]"", ""decision [ei9]"", ""BEFORE""]]",BEFORE
te3_test_nyt_20130321_sarcozy_l14,tempeval_relation,BEFORE,UNKNOWN,0,1,1,0.0,0.0,,0,0,"Title:
France: Sarkozy Faces Investigation

Passage:
Former President Nicolas Sarkozy was informed Thursday that he would face a formal investigation into whether he abused the frailty of Liliane Bettencourt, 90, the heiress to the L'Oreal fortune and France's richest woman, to get funds for his 2007 presidential campaign. Mr. Sarkozy has denied accepting illegal campaign funds from Ms. Bettencourt, either personally or through his party treasurer at the time, Eric Woerth, as alleged by her former butler. Mr. Sarkozy's lawyer, Thierry Herzog, called the judge's decision, which indicates that the judge believes that Mr. Sarkozy probably committed a crime, ""incoherent"" and ""unjust."" The lawyer said he would appeal. The ruling does not necessarily mean that Mr. Sarkozy, who lost his re-election bid last May and with it his presidential immunity from prosecution, will stand trial.

Determine the temporal relation between the following event mentions.
- believes [ei11]
- called [ei8]

Use one of: BEFORE, AFTER, SIMULTANEOUS, UNKNOWN.","[[""believes [ei11]"", ""called [ei8]"", ""BEFORE""]]",[],UNKNOWN
te3_test_nyt_20130321_sarcozy_l17,tempeval_relation,SIMULTANEOUS,UNKNOWN,0,1,1,0.0,0.0,,0,0,"Title:
France: Sarkozy Faces Investigation

Passage:
Former President Nicolas Sarkozy was informed Thursday that he would face a formal investigation into whether he abused the frailty of Liliane Bettencourt, 90, the heiress to the L'Oreal fortune and France's richest woman, to get funds for his 2007 presidential campaign. Mr. Sarkozy has denied accepting illegal campaign funds from Ms. Bettencourt, either personally or through his party treasurer at the time, Eric Woerth, as alleged by her former butler. Mr. Sarkozy's lawyer, Thierry Herzog, called the judge's decision, which indicates that the judge believes that Mr. Sarkozy probably committed a crime, ""incoherent"" and ""unjust."" The lawyer said he would appeal. The ruling does not necessarily mean that Mr. Sarkozy, who lost his re-election bid last May and with it his presidential immunity from prosecution, will stand trial.

Determine the temporal relation between the following event mentions.
- called [ei8]
- said [ei13]

Use one of: BEFORE, AFTER, SIMULTANEOUS, UNKNOWN.","[[""called [ei8]"", ""said [ei13]"", ""SIMULTANEOUS""]]",[],UNKNOWN
te3_test_nyt_20130321_sarcozy_l18,tempeval_relation,AFTER,UNKNOWN,0,1,1,0.0,0.0,,0,0,"Title:
France: Sarkozy Faces Investigation

Passage:
Former President Nicolas Sarkozy was informed Thursday that he would face a formal investigation into whether he abused the frailty of Liliane Bettencourt, 90, the heiress to the L'Oreal fortune and France's richest woman, to get funds for his 2007 presidential campaign. Mr. Sarkozy has denied accepting illegal campaign funds from Ms. Bettencourt, either personally or through his party treasurer at the time, Eric Woerth, as alleged by her former butler. Mr. Sarkozy's lawyer, Thierry Herzog, called the judge's decision, which indicates that the judge believes that Mr. Sarkozy probably committed a crime, ""incoherent"" and ""unjust."" The lawyer said he would appeal. The ruling does not necessarily mean that Mr. Sarkozy, who lost his re-election bid last May and with it his presidential immunity from prosecution, will stand trial.

Determine the temporal relation between the following event mentions.
- appeal [ei14]
- said [ei13]

Use one of: BEFORE, AFTER, SIMULTANEOUS, UNKNOWN.","[[""appeal [ei14]"", ""said [ei13]"", ""AFTER""]]",[],UNKNOWN
te3_test_nyt_20130321_sarcozy_l21,tempeval_relation,AFTER,BEFORE,0,1,1,0.0,0.0,,0,0,"Title:
France: Sarkozy Faces Investigation

Passage:
Former President Nicolas Sarkozy was informed Thursday that he would face a formal investigation into whether he abused the frailty of Liliane Bettencourt, 90, the heiress to the L'Oreal fortune and France's richest woman, to get funds for his 2007 presidential campaign. Mr. Sarkozy has denied accepting illegal campaign funds from Ms. Bettencourt, either personally or through his party treasurer at the time, Eric Woerth, as alleged by her former butler. Mr. Sarkozy's lawyer, Thierry Herzog, called the judge's decision, which indicates that the judge believes that Mr. Sarkozy probably committed a crime, ""incoherent"" and ""unjust."" The lawyer said he would appeal. The ruling does not necessarily mean that Mr. Sarkozy, who lost his re-election bid last May and with it his presidential immunity from prosecution, will stand trial.

Determine the temporal relation between the following event mentions.
- said [ei13]
- ruling [ei15]

Use one of: BEFORE, AFTER, SIMULTANEOUS, UNKNOWN.","[[""said [ei13]"", ""ruling [ei15]"", ""AFTER""]]","[[""said [ei13]"", ""ruling [ei15]"", ""BEFORE""]]",BEFORE
te3_test_nyt_20130321_sarcozy_l23,tempeval_relation,BEFORE,AFTER,0,1,1,0.0,0.0,,0,0,"Title:
France: Sarkozy Faces Investigation

Passage:
Former President Nicolas Sarkozy was informed Thursday that he would face a formal investigation into whether he abused the frailty of Liliane Bettencourt, 90, the heiress to the L'Oreal fortune and France's richest woman, to get funds for his 2007 presidential campaign. Mr. Sarkozy has denied accepting illegal campaign funds from Ms. Bettencourt, either personally or through his party treasurer at the time, Eric Woerth, as alleged by her former butler. Mr. Sarkozy's lawyer, Thierry Herzog, called the judge's decision, which indicates that the judge believes that Mr. Sarkozy probably committed a crime, ""incoherent"" and ""unjust."" The lawyer said he would appeal. The ruling does not necessarily mean that Mr. Sarkozy, who lost his re-election bid last May and with it his presidential immunity from prosecution, will stand trial.

Determine the temporal relation between the following event mentions.
- lost [ei17]
- ruling [ei15]

Use one of: BEFORE, AFTER, SIMULTANEOUS, UNKNOWN.","[[""lost [ei17]"", ""ruling [ei15]"", ""BEFORE""]]","[[""ruling [ei15]"", ""lost [ei17]"", ""BEFORE""]]",BEFORE
te3_test_nyt_20130321_sarcozy_l24,tempeval_relation,BEFORE,BEFORE,1,1,1,1.0,1.0,,0,0,"Title:
France: Sarkozy Faces Investigation

Passage:
Former President Nicolas Sarkozy was informed Thursday that he would face a formal investigation into whether he abused the frailty of Liliane Bettencourt, 90, the heiress to the L'Oreal fortune and France's richest woman, to get funds for his 2007 presidential campaign. Mr. Sarkozy has denied accepting illegal campaign funds from Ms. Bettencourt, either personally or through his party treasurer at the time, Eric Woerth, as alleged by her former butler. Mr. Sarkozy's lawyer, Thierry Herzog, called the judge's decision, which indicates that the judge believes that Mr. Sarkozy probably committed a crime, ""incoherent"" and ""unjust."" The lawyer said he would appeal. The ruling does not necessarily mean that Mr. Sarkozy, who lost his re-election bid last May and with it his presidential immunity from prosecution, will stand trial.

Determine the temporal relation between the following event mentions.
- bid [ei18]
- ruling [ei15]

Use one of: BEFORE, AFTER, SIMULTANEOUS, UNKNOWN.","[[""bid [ei18]"", ""ruling [ei15]"", ""BEFORE""]]","[[""bid [ei18]"", ""ruling [ei15]"", ""BEFORE""]]",BEFORE
te3_test_nyt_20130321_sarcozy_l25,tempeval_relation,AFTER,AFTER,1,1,1,0.0,1.0,,0,0,"Title:
France: Sarkozy Faces Investigation

Passage:
Former President Nicolas Sarkozy was informed Thursday that he would face a formal investigation into whether he abused the frailty of Liliane Bettencourt, 90, the heiress to the L'Oreal fortune and France's richest woman, to get funds for his 2007 presidential campaign. Mr. Sarkozy has denied accepting illegal campaign funds from Ms. Bettencourt, either personally or through his party treasurer at the time, Eric Woerth, as alleged by her former butler. Mr. Sarkozy's lawyer, Thierry Herzog, called the judge's decision, which indicates that the judge believes that Mr. Sarkozy probably committed a crime, ""incoherent"" and ""unjust."" The lawyer said he would appeal. The ruling does not necessarily mean that Mr. Sarkozy, who lost his re-election bid last May and with it his presidential immunity from prosecution, will stand trial.

Determine the temporal relation between the following event mentions.
- stand [ei19]
- ruling [ei15]

Use one of: BEFORE, AFTER, SIMULTANEOUS, UNKNOWN.","[[""stand [ei19]"", ""ruling [ei15]"", ""AFTER""]]","[[""ruling [ei15]"", ""stand [ei19]"", ""BEFORE""]]",BEFORE
te3_test_nyt_20130321_sarcozy_l26,tempeval_relation,AFTER,UNKNOWN,0,1,1,0.0,0.0,,0,0,"Title:
France: Sarkozy Faces Investigation

Passage:
Former President Nicolas Sarkozy was informed Thursday that he would face a formal investigation into whether he abused the frailty of Liliane Bettencourt, 90, the heiress to the L'Oreal fortune and France's richest woman, to get funds for his 2007 presidential campaign. Mr. Sarkozy has denied accepting illegal campaign funds from Ms. Bettencourt, either personally or through his party treasurer at the time, Eric Woerth, as alleged by her former butler. Mr. Sarkozy's lawyer, Thierry Herzog, called the judge's decision, which indicates that the judge believes that Mr. Sarkozy probably committed a crime, ""incoherent"" and ""unjust."" The lawyer said he would appeal. The ruling does not necessarily mean that Mr. Sarkozy, who lost his re-election bid last May and with it his presidential immunity from prosecution, will stand trial.

Determine the temporal relation between the following event mentions.
- trial [ei20]
- ruling [ei15]

Use one of: BEFORE, AFTER, SIMULTANEOUS, UNKNOWN.","[[""trial [ei20]"", ""ruling [ei15]"", ""AFTER""]]",[],UNKNOWN
te3_test_nyt_20130321_sarcozy_l102,tempeval_relation,AFTER,BEFORE,0,1,1,0.0,0.0,,0,0,"Title:
France: Sarkozy Faces Investigation

Passage:
Former President Nicolas Sarkozy was informed Thursday that he would face a formal investigation into whether he abused the frailty of Liliane Bettencourt, 90, the heiress to the L'Oreal fortune and France's richest woman, to get funds for his 2007 presidential campaign. Mr. Sarkozy has denied accepting illegal campaign funds from Ms. Bettencourt, either personally or through his party treasurer at the time, Eric Woerth, as alleged by her former butler. Mr. Sarkozy's lawyer, Thierry Herzog, called the judge's decision, which indicates that the judge believes that Mr. Sarkozy probably committed a crime, ""incoherent"" and ""unjust."" The lawyer said he would appeal. The ruling does not necessarily mean that Mr. Sarkozy, who lost his re-election bid last May and with it his presidential immunity from prosecution, will stand trial.

Determine the temporal relation between the following event mentions.
- informed [ei1]
- ruling [ei15]

Use one of: BEFORE, AFTER, SIMULTANEOUS, UNKNOWN.","[[""informed [ei1]"", ""ruling [ei15]"", ""AFTER""]]","[[""informed [ei1]"", ""ruling [ei15]"", ""BEFORE""]]",BEFORE
te3_test_nyt_20130321_sarcozy_l107,tempeval_relation,AFTER,AFTER,1,1,1,0.0,1.0,,0,0,"Title:
France: Sarkozy Faces Investigation

Passage:
Former President Nicolas Sarkozy was informed Thursday that he would face a formal investigation into whether he abused the frailty of Liliane Bettencourt, 90, the heiress to the L'Oreal fortune and France's richest woman, to get funds for his 2007 presidential campaign. Mr. Sarkozy has denied accepting illegal campaign funds from Ms. Bettencourt, either personally or through his party treasurer at the time, Eric Woerth, as alleged by her former butler. Mr. Sarkozy's lawyer, Thierry Herzog, called the judge's decision, which indicates that the judge believes that Mr. Sarkozy probably committed a crime, ""incoherent"" and ""unjust."" The lawyer said he would appeal. The ruling does not necessarily mean that Mr. Sarkozy, who lost his re-election bid last May and with it his presidential immunity from prosecution, will stand trial.

Determine the temporal relation between the following event mentions.
- investigation [ei21]
- abused [ei3]

Use one of: BEFORE, AFTER, SIMULTANEOUS, UNKNOWN.","[[""investigation [ei21]"", ""abused [ei3]"", ""AFTER""]]","[[""abused [ei3]"", ""investigation [ei21]"", ""BEFORE""]]",BEFORE
te3_test_nyt_20130321_women_senate_l2,tempeval_relation,AFTER,AFTER,1,1,1,0.0,1.0,,0,0,"Title:
Once Few, Women Hold More Power in Senate

Passage:
An hour before her colleagues gathered for their first vote of a new Congress, Senator Kelly Ayotte slipped into an empty Senate chamber to savor the grandeur of her legislative home. As Ms. Ayotte, a freshman Republican from New Hampshire, sat down at the wooden desk where generations of lawmakers from her state had cast their votes, a doorman marched toward her with purpose.

Determine the temporal relation between the following event mentions.
- vote [ei1]
- slipped [ei2]

Use one of: BEFORE, AFTER, SIMULTANEOUS, UNKNOWN.","[[""vote [ei1]"", ""slipped [ei2]"", ""AFTER""]]","[[""slipped [ei2]"", ""vote [ei1]"", ""BEFORE""]]",BEFORE
te3_test_nyt_20130321_women_senate_l3,tempeval_relation,AFTER,UNKNOWN,0,0,0,0.0,0.0,0,2,1,"Title:
Once Few, Women Hold More Power in Senate

Passage:
An hour before her colleagues gathered for their first vote of a new Congress, Senator Kelly Ayotte slipped into an empty Senate chamber to savor the grandeur of her legislative home. As Ms. Ayotte, a freshman Republican from New Hampshire, sat down at the wooden desk where generations of lawmakers from her state had cast their votes, a doorman marched toward her with purpose.

Determine the temporal relation between the following event mentions.
- savor [ei3]
- slipped [ei2]

Use one of: BEFORE, AFTER, SIMULTANEOUS, UNKNOWN.","[[""savor [ei3]"", ""slipped [ei2]"", ""AFTER""]]","[[""slipped"", ""savor"", ""BEFORE""]]",BEFORE
te3_test_nyt_20130321_women_senate_l5,tempeval_relation,BEFORE,BEFORE,1,1,1,1.0,1.0,,0,0,"Title:
Once Few, Women Hold More Power in Senate

Passage:
An hour before her colleagues gathered for their first vote of a new Congress, Senator Kelly Ayotte slipped into an empty Senate chamber to savor the grandeur of her legislative home. As Ms. Ayotte, a freshman Republican from New Hampshire, sat down at the wooden desk where generations of lawmakers from her state had cast their votes, a doorman marched toward her with purpose.

Determine the temporal relation between the following event mentions.
- slipped [ei2]
- marched [ei6]

Use one of: BEFORE, AFTER, SIMULTANEOUS, UNKNOWN.","[[""slipped [ei2]"", ""marched [ei6]"", ""BEFORE""]]","[[""slipped [ei2]"", ""marched [ei6]"", ""BEFORE""]]",BEFORE
te3_test_nyt_20130321_women_senate_l6,tempeval_relation,SIMULTANEOUS,BEFORE,0,1,1,0.0,0.0,,0,0,"Title:
Once Few, Women Hold More Power in Senate

Passage:
An hour before her colleagues gathered for their first vote of a new Congress, Senator Kelly Ayotte slipped into an empty Senate chamber to savor the grandeur of her legislative home. As Ms. Ayotte, a freshman Republican from New Hampshire, sat down at the wooden desk where generations of lawmakers from her state had cast their votes, a doorman marched toward her with purpose.

Determine the temporal relation between the following event mentions.
- sat [ei4]
- marched [ei6]

Use one of: BEFORE, AFTER, SIMULTANEOUS, UNKNOWN.","[[""sat [ei4]"", ""marched [ei6]"", ""SIMULTANEOUS""]]","[[""sat [ei4]"", ""marched [ei6]"", ""BEFORE""]]",BEFORE
te3_test_nyt_20130321_women_senate_l7,tempeval_relation,BEFORE,BEFORE,1,1,1,1.0,1.0,,0,0,"Title:
Once Few, Women Hold More Power in Senate

Passage:
An hour before her colleagues gathered for their first vote of a new Congress, Senator Kelly Ayotte slipped into an empty Senate chamber to savor the grandeur of her legislative home. As Ms. Ayotte, a freshman Republican from New Hampshire, sat down at the wooden desk where generations of lawmakers from her state had cast their votes, a doorman marched toward her with purpose.

Determine the temporal relation between the following event mentions.
- cast [ei5]
- marched [ei6]

Use one of: BEFORE, AFTER, SIMULTANEOUS, UNKNOWN.","[[""cast [ei5]"", ""marched [ei6]"", ""BEFORE""]]","[[""cast [ei5]"", ""marched [ei6]"", ""BEFORE""]]",BEFORE
te3_test_nyt_20130321_women_senate_l9,tempeval_relation,BEFORE,BEFORE,1,1,1,1.0,1.0,,0,0,"Title:
Once Few, Women Hold More Power in Senate

Passage:
An hour before her colleagues gathered for their first vote of a new Congress, Senator Kelly Ayotte slipped into an empty Senate chamber to savor the grandeur of her legislative home. As Ms. Ayotte, a freshman Republican from New Hampshire, sat down at the wooden desk where generations of lawmakers from her state had cast their votes, a doorman marched toward her with purpose. The desks, he sternly told her, were for senators only.

Determine the temporal relation between the following event mentions.
- marched [ei6]
- told [ei7]

Use one of: BEFORE, AFTER, SIMULTANEOUS, UNKNOWN.","[[""marched [ei6]"", ""told [ei7]"", ""BEFORE""]]","[[""marched [ei6]"", ""told [ei7]"", ""BEFORE""]]",BEFORE
te3_test_nyt_20130321_women_senate_l16,tempeval_relation,BEFORE,UNKNOWN,0,0,1,0.0,0.0,1,1,1,"Title:
Once Few, Women Hold More Power in Senate

Passage:
Ms. Ayotte's induction that January day in 2011 into the most rarefied ranks of the nation's political class, female senators, had begun. ""The desk thing really stuck with me,"" Ms. Ayotte said. ""There still just aren't that many of us.""

Determine the temporal relation between the following event mentions.
- begun [ei8]
- said [ei10]

Use one of: BEFORE, AFTER, SIMULTANEOUS, UNKNOWN.","[[""begun [ei8]"", ""said [ei10]"", ""BEFORE""]]","[[""ei8"", ""ei10"", ""BEFORE""]]",BEFORE
te3_test_nyt_20130321_women_senate_l17,tempeval_relation,BEFORE,BEFORE,1,1,1,1.0,1.0,,0,0,"Title:
Once Few, Women Hold More Power in Senate

Passage:
Ms. Ayotte's induction that January day in 2011 into the most rarefied ranks of the nation's political class, female senators, had begun. ""The desk thing really stuck with me,"" Ms. Ayotte said. ""There still just aren't that many of us.""

Determine the temporal relation between the following event mentions.
- stuck [ei9]
- said [ei10]

Use one of: BEFORE, AFTER, SIMULTANEOUS, UNKNOWN.","[[""stuck [ei9]"", ""said [ei10]"", ""BEFORE""]]","[[""stuck [ei9]"", ""said [ei10]"", ""BEFORE""]]",BEFORE
te3_test_nyt_20130321_women_senate_l23,tempeval_relation,BEFORE,UNKNOWN,0,1,1,0.0,0.0,,0,0,"Title:
Once Few, Women Hold More Power in Senate

Passage:
In the 90 years since Rebecca Felton of Georgia became the first woman in the United States Senate - sworn in for a mere 24 hours - women remain an anomaly in the upper chamber. But with 20 female senators now in office, an all-time high, women have morphed from the curiosity they were for much of the 20th century into an important new force on key committees and legislation.

Determine the temporal relation between the following event mentions.
- became [ei11]
- remain [ei13]

Use one of: BEFORE, AFTER, SIMULTANEOUS, UNKNOWN.","[[""became [ei11]"", ""remain [ei13]"", ""BEFORE""]]",[],UNKNOWN
te3_test_nyt_20130321_women_senate_l24,tempeval_relation,BEFORE,UNKNOWN,0,1,1,0.0,0.0,,0,0,"Title:
Once Few, Women Hold More Power in Senate

Passage:
In the 90 years since Rebecca Felton of Georgia became the first woman in the United States Senate - sworn in for a mere 24 hours - women remain an anomaly in the upper chamber. But with 20 female senators now in office, an all-time high, women have morphed from the curiosity they were for much of the 20th century into an important new force on key committees and legislation.

Determine the temporal relation between the following event mentions.
- sworn [ei12]
- remain [ei13]

Use one of: BEFORE, AFTER, SIMULTANEOUS, UNKNOWN.","[[""sworn [ei12]"", ""remain [ei13]"", ""BEFORE""]]",[],UNKNOWN
te3_test_nyt_20130321_women_senate_l30,tempeval_relation,AFTER,SIMULTANEOUS,0,1,1,0.0,0.0,,0,0,"Title:
Once Few, Women Hold More Power in Senate

Passage:
A record nine women now lead committees, including some of the most powerful ones. For the first time there is a woman - Senator Barbara A. Mikulski, a Maryland Democrat - in charge of the Senate Appropriations Committee, which dispenses billions of dollars annually throughout the government and has long been particularly dominated by men. Senator Patty Murray, a Washington Democrat, is the first chairwoman of the Budget Committee and is charged with shaping the Democratic strategy in the fiscal battle dominating Capitol Hill.

Determine the temporal relation between the following event mentions.
- shaping [ei17]
- charged [ei16]

Use one of: BEFORE, AFTER, SIMULTANEOUS, UNKNOWN.","[[""shaping [ei17]"", ""charged [ei16]"", ""AFTER""]]","[[""shaping [ei17]"", ""charged [ei16]"", ""SIMULTANEOUS""]]",SIMULTANEOUS
te3_test_nyt_20130321_women_senate_l31,tempeval_relation,AFTER,UNKNOWN,0,1,1,0.0,0.0,,0,0,"Title:
Once Few, Women Hold More Power in Senate

Passage:
A record nine women now lead committees, including some of the most powerful ones. For the first time there is a woman - Senator Barbara A. Mikulski, a Maryland Democrat - in charge of the Senate Appropriations Committee, which dispenses billions of dollars annually throughout the government and has long been particularly dominated by men. Senator Patty Murray, a Washington Democrat, is the first chairwoman of the Budget Committee and is charged with shaping the Democratic strategy in the fiscal battle dominating Capitol Hill.

Determine the temporal relation between the following event mentions.
- battle [ei18]
- charged [ei16]

Use one of: BEFORE, AFTER, SIMULTANEOUS, UNKNOWN.","[[""battle [ei18]"", ""charged [ei16]"", ""AFTER""]]",[],UNKNOWN
te3_test_nyt_20130321_women_senate_l35,tempeval_relation,SIMULTANEOUS,AFTER,0,1,1,0.0,0.0,,0,0,"Title:
Once Few, Women Hold More Power in Senate

Passage:
One of the biggest bills to pass the Senate last year was farm legislation led by Senator Debbie Stabenow, a Michigan Democrat who presides over the agriculture committee. Senator Barbara Boxer, the California Democrat who is chairwoman of the Environment and Public Works Committee, shepherded the highway bill.

Determine the temporal relation between the following event mentions.
- pass [ei19]
- led [ei20]

Use one of: BEFORE, AFTER, SIMULTANEOUS, UNKNOWN.","[[""pass [ei19]"", ""led [ei20]"", ""SIMULTANEOUS""]]","[[""led [ei20]"", ""pass [ei19]"", ""BEFORE""]]",BEFORE
te3_test_nyt_20130321_women_senate_l40,tempeval_relation,BEFORE,BEFORE,1,1,1,1.0,1.0,,0,0,"Title:
Once Few, Women Hold More Power in Senate

Passage:
One of the biggest bills to pass the Senate last year was farm legislation led by Senator Debbie Stabenow, a Michigan Democrat who presides over the agriculture committee. Senator Barbara Boxer, the California Democrat who is chairwoman of the Environment and Public Works Committee, shepherded the highway bill. ""We are growing in number,"" said Senator Amy Klobuchar, Democrat of Minnesota. ""But more importantly, we are growing in our power. When I first started just six years ago, it was unusual to have a woman managing a bill.""

Determine the temporal relation between the following event mentions.
- shepherded [ei22]
- said [ei24]

Use one of: BEFORE, AFTER, SIMULTANEOUS, UNKNOWN.","[[""shepherded [ei22]"", ""said [ei24]"", ""BEFORE""]]","[[""shepherded [ei22]"", ""said [ei24]"", ""BEFORE""]]",BEFORE
te3_test_nyt_20130321_women_senate_l50,tempeval_relation,BEFORE,UNKNOWN,0,0,0,0.0,0.0,0,2,1,"Title:
Once Few, Women Hold More Power in Senate

Passage:
""We are growing in number,"" said Senator Amy Klobuchar, Democrat of Minnesota. ""But more importantly, we are growing in our power. When I first started just six years ago, it was unusual to have a woman managing a bill."" Just as important, even male senators say, is the potential the women hold for changing the tenor of the Senate and pushing for compromise in the highly partisan atmosphere on Capitol Hill.

Determine the temporal relation between the following event mentions.
- started [ei26]
- hold [ei29]

Use one of: BEFORE, AFTER, SIMULTANEOUS, UNKNOWN.","[[""started [ei26]"", ""hold [ei29]"", ""BEFORE""]]","[[""started"", ""hold"", ""BEFORE""]]",BEFORE
te3_test_nyt_20130321_women_senate_l56,tempeval_relation,SIMULTANEOUS,SIMULTANEOUS,1,1,1,1.0,0.0,,0,0,"Title:
Once Few, Women Hold More Power in Senate

Passage:
""I don't want to generalize, because this isn't true of all of them, but they tend to be interested in finding common ground,"" said Senator Rob Portman, Republican of Ohio. ""So I think it's going to have, and is having, a positive impact on the Senate.""

Determine the temporal relation between the following event mentions.
- want [ei32]
- said [ei36]

Use one of: BEFORE, AFTER, SIMULTANEOUS, UNKNOWN.","[[""want [ei32]"", ""said [ei36]"", ""SIMULTANEOUS""]]","[[""want [ei32]"", ""said [ei36]"", ""SIMULTANEOUS""]]",SIMULTANEOUS
te3_test_nyt_20130321_women_senate_l63,tempeval_relation,AFTER,SIMULTANEOUS,0,1,1,0.0,0.0,,0,0,"Title:
Once Few, Women Hold More Power in Senate

Passage:
""I don't want to generalize, because this isn't true of all of them, but they tend to be interested in finding common ground,"" said Senator Rob Portman, Republican of Ohio. ""So I think it's going to have, and is having, a positive impact on the Senate.""

Determine the temporal relation between the following event mentions.
- impact [ei39]
- think [ei37]

Use one of: BEFORE, AFTER, SIMULTANEOUS, UNKNOWN.","[[""impact [ei39]"", ""think [ei37]"", ""AFTER""]]","[[""think [ei37]"", ""impact [ei39]"", ""SIMULTANEOUS""]]",SIMULTANEOUS
te3_test_nyt_20130321_women_senate_l66,tempeval_relation,AFTER,AFTER,1,1,1,0.0,1.0,,0,0,"Title:
Once Few, Women Hold More Power in Senate

Passage:
While partisan division is the central characteristic of the modern Congress, women have begun to crack away at the gridlock by forming coalitions that have surprised leaders of both parties. Senator Kirsten E. Gillibrand, Democrat of New York, and Senator Susan Collins, Republican of Maine, led the repeal in the Senate of ""don't ask, don't tell"" in 2010, allowing gay men and women to serve openly in the military.

Determine the temporal relation between the following event mentions.
- crack [ei41]
- begun [ei40]

Use one of: BEFORE, AFTER, SIMULTANEOUS, UNKNOWN.","[[""crack [ei41]"", ""begun [ei40]"", ""AFTER""]]","[[""begun [ei40]"", ""crack [ei41]"", ""BEFORE""]]",BEFORE
te3_test_nyt_20130321_women_senate_l67,tempeval_relation,SIMULTANEOUS,SIMULTANEOUS,1,1,1,1.0,0.0,,0,0,"Title:
Once Few, Women Hold More Power in Senate

Passage:
While partisan division is the central characteristic of the modern Congress, women have begun to crack away at the gridlock by forming coalitions that have surprised leaders of both parties. Senator Kirsten E. Gillibrand, Democrat of New York, and Senator Susan Collins, Republican of Maine, led the repeal in the Senate of ""don't ask, don't tell"" in 2010, allowing gay men and women to serve openly in the military.

Determine the temporal relation between the following event mentions.
- forming [ei42]
- begun [ei40]

Use one of: BEFORE, AFTER, SIMULTANEOUS, UNKNOWN.","[[""forming [ei42]"", ""begun [ei40]"", ""SIMULTANEOUS""]]","[[""forming [ei42]"", ""begun [ei40]"", ""SIMULTANEOUS""]]",SIMULTANEOUS
te3_test_nyt_20130321_women_senate_l72,tempeval_relation,SIMULTANEOUS,AFTER,0,1,1,0.0,0.0,,0,0,"Title:
Once Few, Women Hold More Power in Senate

Passage:
While partisan division is the central characteristic of the modern Congress, women have begun to crack away at the gridlock by forming coalitions that have surprised leaders of both parties. Senator Kirsten E. Gillibrand, Democrat of New York, and Senator Susan Collins, Republican of Maine, led the repeal in the Senate of ""don't ask, don't tell"" in 2010, allowing gay men and women to serve openly in the military.

Determine the temporal relation between the following event mentions.
- repeal [ei44]
- led [ei43]

Use one of: BEFORE, AFTER, SIMULTANEOUS, UNKNOWN.","[[""repeal [ei44]"", ""led [ei43]"", ""SIMULTANEOUS""]]","[[""led [ei43]"", ""repeal [ei44]"", ""BEFORE""]]",BEFORE
te3_test_nyt_20130321_women_senate_l75,tempeval_relation,SIMULTANEOUS,AFTER,0,1,1,0.0,0.0,,0,0,"Title:
Once Few, Women Hold More Power in Senate

Passage:
While partisan division is the central characteristic of the modern Congress, women have begun to crack away at the gridlock by forming coalitions that have surprised leaders of both parties. Senator Kirsten E. Gillibrand, Democrat of New York, and Senator Susan Collins, Republican of Maine, led the repeal in the Senate of ""don't ask, don't tell"" in 2010, allowing gay men and women to serve openly in the military.

Determine the temporal relation between the following event mentions.
- allowing [ei47]
- led [ei43]

Use one of: BEFORE, AFTER, SIMULTANEOUS, UNKNOWN.","[[""allowing [ei47]"", ""led [ei43]"", ""SIMULTANEOUS""]]","[[""led [ei43]"", ""allowing [ei47]"", ""BEFORE""]]",BEFORE
te3_test_nyt_20130321_women_senate_l76,tempeval_relation,AFTER,UNKNOWN,0,1,1,0.0,0.0,,0,0,"Title:
Once Few, Women Hold More Power in Senate

Passage:
While partisan division is the central characteristic of the modern Congress, women have begun to crack away at the gridlock by forming coalitions that have surprised leaders of both parties. Senator Kirsten E. Gillibrand, Democrat of New York, and Senator Susan Collins, Republican of Maine, led the repeal in the Senate of ""don't ask, don't tell"" in 2010, allowing gay men and women to serve openly in the military.

Determine the temporal relation between the following event mentions.
- serve [ei48]
- led [ei43]

Use one of: BEFORE, AFTER, SIMULTANEOUS, UNKNOWN.","[[""serve [ei48]"", ""led [ei43]"", ""AFTER""]]",[],UNKNOWN
te3_test_nyt_20130321_women_senate_l80,tempeval_relation,BEFORE,UNKNOWN,0,1,1,0.0,0.0,,0,0,"Title:
Once Few, Women Hold More Power in Senate

Passage:
While partisan division is the central characteristic of the modern Congress, women have begun to crack away at the gridlock by forming coalitions that have surprised leaders of both parties. Senator Kirsten E. Gillibrand, Democrat of New York, and Senator Susan Collins, Republican of Maine, led the repeal in the Senate of ""don't ask, don't tell"" in 2010, allowing gay men and women to serve openly in the military. This year, all four of the female Senate Republicans split with their party and voted with Senate Democrats to reauthorize the Violence Against Women Act, which had lapsed during the last Congress.

Determine the temporal relation between the following event mentions.
- led [ei43]
- split [ei49]

Use one of: BEFORE, AFTER, SIMULTANEOUS, UNKNOWN.","[[""led [ei43]"", ""split [ei49]"", ""BEFORE""]]",[],UNKNOWN
te3_test_nyt_20130321_women_senate_l81,tempeval_relation,SIMULTANEOUS,AFTER,0,1,1,0.0,0.0,,0,0,"Title:
Once Few, Women Hold More Power in Senate

Passage:
This year, all four of the female Senate Republicans split with their party and voted with Senate Democrats to reauthorize the Violence Against Women Act, which had lapsed during the last Congress.

Determine the temporal relation between the following event mentions.
- voted [ei50]
- split [ei49]

Use one of: BEFORE, AFTER, SIMULTANEOUS, UNKNOWN.","[[""voted [ei50]"", ""split [ei49]"", ""SIMULTANEOUS""]]","[[""split [ei49]"", ""voted [ei50]"", ""BEFORE""]]",BEFORE
te3_test_nyt_20130321_women_senate_l82,tempeval_relation,AFTER,AFTER,1,1,1,0.0,1.0,,0,0,"Title:
Once Few, Women Hold More Power in Senate

Passage:
This year, all four of the female Senate Republicans split with their party and voted with Senate Democrats to reauthorize the Violence Against Women Act, which had lapsed during the last Congress.

Determine the temporal relation between the following event mentions.
- reauthorize [ei51]
- split [ei49]

Use one of: BEFORE, AFTER, SIMULTANEOUS, UNKNOWN.","[[""reauthorize [ei51]"", ""split [ei49]"", ""AFTER""]]","[[""split [ei49]"", ""reauthorize [ei51]"", ""BEFORE""]]",BEFORE
te3_test_nyt_20130321_women_senate_l84,tempeval_relation,BEFORE,AFTER,0,1,1,0.0,0.0,,0,0,"Title:
Once Few, Women Hold More Power in Senate

Passage:
This year, all four of the female Senate Republicans split with their party and voted with Senate Democrats to reauthorize the Violence Against Women Act, which had lapsed during the last Congress.

Determine the temporal relation between the following event mentions.
- lapsed [ei53]
- split [ei49]

Use one of: BEFORE, AFTER, SIMULTANEOUS, UNKNOWN.","[[""lapsed [ei53]"", ""split [ei49]"", ""BEFORE""]]","[[""split [ei49]"", ""lapsed [ei53]"", ""BEFORE""]]",BEFORE
te3_test_nyt_20130321_women_senate_l114,tempeval_relation,AFTER,BEFORE,0,1,1,0.0,0.0,,0,0,"Title:
Once Few, Women Hold More Power in Senate

Passage:
This year, all four of the female Senate Republicans split with their party and voted with Senate Democrats to reauthorize the Violence Against Women Act, which had lapsed during the last Congress.

Determine the temporal relation between the following event mentions.
- lapsed [ei53]
- Congress [ei1002]

Use one of: BEFORE, AFTER, SIMULTANEOUS, UNKNOWN.","[[""lapsed [ei53]"", ""Congress [ei1002]"", ""AFTER""]]","[[""lapsed [ei53]"", ""Congress [ei1002]"", ""BEFORE""]]",BEFORE
te3_test_nyt_20130321_women_senate_l116,tempeval_relation,AFTER,UNKNOWN,0,1,1,0.0,0.0,,0,0,"Title:
Once Few, Women Hold More Power in Senate

Passage:
In the 90 years since Rebecca Felton of Georgia became the first woman in the United States Senate - sworn in for a mere 24 hours - women remain an anomaly in the upper chamber. But with 20 female senators now in office, an all-time high, women have morphed from the curiosity they were for much of the 20th century into an important new force on key committees and legislation.

Determine the temporal relation between the following event mentions.
- curiosity [ei1010]
- morphed [ei1000012]

Use one of: BEFORE, AFTER, SIMULTANEOUS, UNKNOWN.","[[""curiosity [ei1010]"", ""morphed [ei1000012]"", ""AFTER""]]",[],UNKNOWN
te3_test_nyt_20130322_strange_computer_l2,tempeval_relation,AFTER,SIMULTANEOUS,0,1,1,0.0,0.0,,0,0,"Title:
A Strange Computer Promises Great Speed

Passage:
But a powerful new type of computer that is about to be commercially deployed by a major American military contractor is taking computing into the strange, subatomic realm of quantum mechanics. In that infinitesimal neighborhood, common sense logic no longer seems to apply. A one can be a one, or it can be a one and a zero and everything in between  all at the same time.

Determine the temporal relation between the following event mentions.
- deployed [ei1]
- taking [ei2]

Use one of: BEFORE, AFTER, SIMULTANEOUS, UNKNOWN.","[[""deployed [ei1]"", ""taking [ei2]"", ""AFTER""]]","[[""deployed [ei1]"", ""taking [ei2]"", ""SIMULTANEOUS""]]",SIMULTANEOUS
te3_test_nyt_20130322_strange_computer_l10,tempeval_relation,SIMULTANEOUS,BEFORE,0,1,1,0.0,0.0,,0,0,"Title:
A Strange Computer Promises Great Speed

Passage:
It sounds preposterous, particularly to those familiar with the yes/no world of conventional computing. But academic researchers and scientists at companies like Microsoft, I.B.M. and Hewlett-Packard have been working to develop quantum computers.

Determine the temporal relation between the following event mentions.
- develop [ei7]
- working [ei6]

Use one of: BEFORE, AFTER, SIMULTANEOUS, UNKNOWN.","[[""develop [ei7]"", ""working [ei6]"", ""SIMULTANEOUS""]]","[[""develop [ei7]"", ""working [ei6]"", ""BEFORE""]]",BEFORE
te3_test_nyt_20130322_strange_computer_l14,tempeval_relation,BEFORE,BEFORE,1,1,1,1.0,1.0,,0,0,"Title:
A Strange Computer Promises Great Speed

Passage:
Now, Lockheed Martin  which bought an early version of such a computer from the Canadian company D-Wave Systems two years ago  is confident enough in the technology to upgrade it to commercial scale, becoming the first company to use quantum computing as part of its business.

Determine the temporal relation between the following event mentions.
- bought [ei8]
- confident [ei9]

Use one of: BEFORE, AFTER, SIMULTANEOUS, UNKNOWN.","[[""bought [ei8]"", ""confident [ei9]"", ""BEFORE""]]","[[""bought [ei8]"", ""confident [ei9]"", ""BEFORE""]]",BEFORE
te3_test_nyt_20130322_strange_computer_l15,tempeval_relation,SIMULTANEOUS,BEFORE,0,1,1,0.0,0.0,,0,0,"Title:
A Strange Computer Promises Great Speed

Passage:
Now, Lockheed Martin  which bought an early version of such a computer from the Canadian company D-Wave Systems two years ago  is confident enough in the technology to upgrade it to commercial scale, becoming the first company to use quantum computing as part of its business.

Determine the temporal relation between the following event mentions.
- upgrade [ei10]
- confident [ei9]

Use one of: BEFORE, AFTER, SIMULTANEOUS, UNKNOWN.","[[""upgrade [ei10]"", ""confident [ei9]"", ""SIMULTANEOUS""]]","[[""confident [ei9]"", ""upgrade [ei10]"", ""AFTER""]]",AFTER
te3_test_nyt_20130322_strange_computer_l26,tempeval_relation,BEFORE,UNKNOWN,0,1,1,0.0,0.0,,0,0,"Title:
A Strange Computer Promises Great Speed

Passage:
Skeptics say that D-Wave has yet to prove to outside scientists that it has solved the myriad challenges involved in quantum computation. But if it performs as Lockheed and D-Wave expect, the design could be used to supercharge even the most powerful systems, solving some science and business problems millions of times faster than can be done today.

Determine the temporal relation between the following event mentions.
- say [ei14]
- performs [ei18]

Use one of: BEFORE, AFTER, SIMULTANEOUS, UNKNOWN.","[[""say [ei14]"", ""performs [ei18]"", ""BEFORE""]]",[],UNKNOWN
te3_test_nyt_20130322_strange_computer_l28,tempeval_relation,AFTER,UNKNOWN,0,1,1,0.0,0.0,,0,0,"Title:
A Strange Computer Promises Great Speed

Passage:
But if it performs as Lockheed and D-Wave expect, the design could be used to supercharge even the most powerful systems, solving some science and business problems millions of times faster than can be done today.

Determine the temporal relation between the following event mentions.
- used [ei20]
- performs [ei18]

Use one of: BEFORE, AFTER, SIMULTANEOUS, UNKNOWN.","[[""used [ei20]"", ""performs [ei18]"", ""AFTER""]]",[],UNKNOWN
te3_test_nyt_20130322_strange_computer_l29,tempeval_relation,AFTER,AFTER,1,1,1,0.0,1.0,,0,0,"Title:
A Strange Computer Promises Great Speed

Passage:
But if it performs as Lockheed and D-Wave expect, the design could be used to supercharge even the most powerful systems, solving some science and business problems millions of times faster than can be done today.

Determine the temporal relation between the following event mentions.
- supercharge [ei21]
- performs [ei18]

Use one of: BEFORE, AFTER, SIMULTANEOUS, UNKNOWN.","[[""supercharge [ei21]"", ""performs [ei18]"", ""AFTER""]]","[[""performs [ei18]"", ""supercharge [ei21]"", ""BEFORE""]]",BEFORE
te3_test_nyt_20130322_strange_computer_l30,tempeval_relation,AFTER,AFTER,1,1,1,0.0,1.0,,0,0,"Title:
A Strange Computer Promises Great Speed

Passage:
But if it performs as Lockheed and D-Wave expect, the design could be used to supercharge even the most powerful systems, solving some science and business problems millions of times faster than can be done today.

Determine the temporal relation between the following event mentions.
- solving [ei22]
- performs [ei18]

Use one of: BEFORE, AFTER, SIMULTANEOUS, UNKNOWN.","[[""solving [ei22]"", ""performs [ei18]"", ""AFTER""]]","[[""performs [ei18]"", ""solving [ei22]"", ""BEFORE""]]",BEFORE
te3_test_nyt_20130322_strange_computer_l31,tempeval_relation,BEFORE,UNKNOWN,0,0,0,0.0,0.0,0,2,1,"Title:
A Strange Computer Promises Great Speed

Passage:
But if it performs as Lockheed and D-Wave expect, the design could be used to supercharge even the most powerful systems, solving some science and business problems millions of times faster than can be done today.

Determine the temporal relation between the following event mentions.
- done [ei23]
- performs [ei18]

Use one of: BEFORE, AFTER, SIMULTANEOUS, UNKNOWN.","[[""done [ei23]"", ""performs [ei18]"", ""BEFORE""]]","[[""performs"", ""done"", ""BEFORE""]]",BEFORE
te3_test_nyt_20130322_strange_computer_l33,tempeval_relation,AFTER,UNKNOWN,0,1,1,0.0,0.0,,0,0,"Title:
A Strange Computer Promises Great Speed

Passage:
But if it performs as Lockheed and D-Wave expect, the design could be used to supercharge even the most powerful systems, solving some science and business problems millions of times faster than can be done today. Ray Johnson, Lockheeds chief technical officer, said his company would use the quantum computer to create and test complex radar, space and aircraft systems. It could be possible, for example, to tell instantly how the millions of lines of software running a network of satellites would react to a solar burst or a pulse from a nuclear explosion  something that can now take weeks, if ever, to determine.

Determine the temporal relation between the following event mentions.
- performs [ei18]
- said [ei24]

Use one of: BEFORE, AFTER, SIMULTANEOUS, UNKNOWN.","[[""performs [ei18]"", ""said [ei24]"", ""AFTER""]]",[],UNKNOWN
te3_test_nyt_20130322_strange_computer_l35,tempeval_relation,AFTER,AFTER,1,1,1,0.0,1.0,,0,0,"Title:
A Strange Computer Promises Great Speed

Passage:
Ray Johnson, Lockheeds chief technical officer, said his company would use the quantum computer to create and test complex radar, space and aircraft systems. It could be possible, for example, to tell instantly how the millions of lines of software running a network of satellites would react to a solar burst or a pulse from a nuclear explosion  something that can now take weeks, if ever, to determine.

Determine the temporal relation between the following event mentions.
- create [ei26]
- said [ei24]

Use one of: BEFORE, AFTER, SIMULTANEOUS, UNKNOWN.","[[""create [ei26]"", ""said [ei24]"", ""AFTER""]]","[[""said [ei24]"", ""create [ei26]"", ""BEFORE""]]",BEFORE
te3_test_nyt_20130322_strange_computer_l36,tempeval_relation,AFTER,AFTER,1,1,1,0.0,1.0,,0,0,"Title:
A Strange Computer Promises Great Speed

Passage:
Ray Johnson, Lockheeds chief technical officer, said his company would use the quantum computer to create and test complex radar, space and aircraft systems. It could be possible, for example, to tell instantly how the millions of lines of software running a network of satellites would react to a solar burst or a pulse from a nuclear explosion  something that can now take weeks, if ever, to determine.

Determine the temporal relation between the following event mentions.
- test [ei27]
- said [ei24]

Use one of: BEFORE, AFTER, SIMULTANEOUS, UNKNOWN.","[[""test [ei27]"", ""said [ei24]"", ""AFTER""]]","[[""said [ei24]"", ""test [ei27]"", ""BEFORE""]]",BEFORE
te3_test_nyt_20130322_strange_computer_l39,tempeval_relation,BEFORE,BEFORE,1,1,1,1.0,1.0,,0,0,"Title:
A Strange Computer Promises Great Speed

Passage:
Ray Johnson, Lockheeds chief technical officer, said his company would use the quantum computer to create and test complex radar, space and aircraft systems. It could be possible, for example, to tell instantly how the millions of lines of software running a network of satellites would react to a solar burst or a pulse from a nuclear explosion  something that can now take weeks, if ever, to determine.

Determine the temporal relation between the following event mentions.
- said [ei24]
- tell [ei28]

Use one of: BEFORE, AFTER, SIMULTANEOUS, UNKNOWN.","[[""said [ei24]"", ""tell [ei28]"", ""BEFORE""]]","[[""said [ei24]"", ""tell [ei28]"", ""BEFORE""]]",BEFORE
te3_test_nyt_20130322_strange_computer_l41,tempeval_relation,BEFORE,BEFORE,1,1,1,1.0,1.0,,0,0,"Title:
A Strange Computer Promises Great Speed

Passage:
Ray Johnson, Lockheeds chief technical officer, said his company would use the quantum computer to create and test complex radar, space and aircraft systems. It could be possible, for example, to tell instantly how the millions of lines of software running a network of satellites would react to a solar burst or a pulse from a nuclear explosion  something that can now take weeks, if ever, to determine.

Determine the temporal relation between the following event mentions.
- burst [ei30]
- react [ei29]

Use one of: BEFORE, AFTER, SIMULTANEOUS, UNKNOWN.","[[""burst [ei30]"", ""react [ei29]"", ""BEFORE""]]","[[""burst [ei30]"", ""react [ei29]"", ""BEFORE""]]",BEFORE
te3_test_nyt_20130322_strange_computer_l102,tempeval_relation,BEFORE,BEFORE,1,1,1,1.0,1.0,,0,0,"Title:
A Strange Computer Promises Great Speed

Passage:
Ray Johnson, Lockheeds chief technical officer, said his company would use the quantum computer to create and test complex radar, space and aircraft systems. It could be possible, for example, to tell instantly how the millions of lines of software running a network of satellites would react to a solar burst or a pulse from a nuclear explosion  something that can now take weeks, if ever, to determine.

Determine the temporal relation between the following event mentions.
- said [ei24]
- use [ei25]

Use one of: BEFORE, AFTER, SIMULTANEOUS, UNKNOWN.","[[""said [ei24]"", ""use [ei25]"", ""BEFORE""]]","[[""said [ei24]"", ""use [ei25]"", ""BEFORE""]]",BEFORE
